review_id,user_name,rating,review_date,review_text,app_version,thumbs_up,dev_reply,app_name
ec12f45a-1eed-4fe2-8cf6-ce2b65eceeee,Df Gg,1,2026-09-19 18:06:05,I bon't like,9.1.82.2161,0,,Spotify
7a09f684-9852-419d-a685-d5889c596b85,Kasen Farris,5,2026-09-19 18:05:19,I use it everyday,9.1.82.2161,0,,Spotify
f231c6b0-c476-486c-bc63-deb9e4cdd2c4,Pat Hankinson,4,2026-09-19 18:03:11,I love Spotify. I have the free version. I would pay for it but I think it cost a little to much. Sometimes when I try to open the app nothing happens. I clear the cash in the app and that does not work always work. I have to wait for it to work on its own. I wish I could play the songs in the order I want not in the random order Spotify picks.,9.1.82.2161,0,,Spotify
f0405dca-3d92-4cb5-8f41-44c355ba4526,Naziha saad,1,2026-09-19 17:55:03,A very bad application. I hate SPOTIFY,9.0.8.127,0,,Spotify
89c00375-f1e4-4690-829e-12225510029c,Jim Ciulla,2,2026-09-19 17:55:00,"Not happy with the recent update. Playlists and Albums automatically Crossfade, even though Crossfade is turned off (0 seconds) and auto mix is turned off. FIX YOUR APP.",9.1.82.2161,0,"Thanks so much for bringing this up. We recommend checking the Gapless playback option in the app settings. You can find more info by searching for ""Transitions between tracks"" at support.spotify.com. If you need more help, you can contact our Customer Service by searching ""Contact us"" on the same site.",Spotify
1daa46e6-215e-4812-8a55-d8eabc3da907,Igbinevbo Valentine,5,2026-09-19 17:53:55,"Music is Life, Spotify gives it a whole world.",9.1.82.2161,0,,Spotify
bef0a8e6-75ad-4007-9495-ac1f5b872603,Thomas Wentzel,5,2026-09-19 17:49:59,just one of the best apps you can get,9.1.82.2161,0,,Spotify
2484d663-39e5-46eb-a508-055e4db9dcbc,Kimlyn Plaza,5,2026-09-19 17:49:06,tuneeee,9.1.82.2161,0,,Spotify
70ce64eb-9eac-4ccc-a1e7-88e67315158e,Thomas Doyle,5,2026-09-19 17:43:00,great but can't find any gift cards to pay with,9.1.82.2161,0,,Spotify
7f77170f-3eb4-428a-8ee4-c8144b6193dc,Arandu Learning Hub,2,2026-09-19 17:34:50,"Spotify Jam no está funcionando como debería. La función supuestamente permite que dos personas escuchen música sincronizada en tiempo real, pero en la práctica no funciona correctamente. Al intentar unirme a un Jam, Spotify me obliga a seleccionar un dispositivo de reproducción y no permite simplemente que cada participante escuche desde su propio teléfono de manera sincronizada.",9.1.82.2161,0,"Hola. Gracias por compartir tu experiencia. Para ayudar con su sesión de Jam, le sugerimos que siga los pasos en ""Únete a una Jam o crea una propia"" en support.spotify.com. Para obtener soporte adicional, comuníquese con nuestro Servicio de atención al cliente buscando ""Contactar con nosotros"" en el mismo sitio.",Spotify
13dc275c-396e-43b1-a80d-aa04b2b898b0,Palawmass Mark,5,2026-09-19 17:32:32,awesome Experience,9.1.82.2161,0,,Spotify
7d993ad8-dd08-424d-83e0-f6cfecd6fc25,J Lock,5,2026-09-19 17:31:56,always what I need,9.1.82.2161,0,,Spotify
9b252abc-3d38-40fc-af5b-3ec9e50ec3a7,Kai Klszy,4,2026-09-19 17:29:12,it's a well-known app with countless kinds of music to listen to. Although it does have some ads that are irrelevant to the user. Overall it's good (+ I did manage to find those original meme sounds from literally Spotify's music recommendations),9.1.82.2161,0,"Hi. Thanks for bringing this up. You can now update your ad preferences. Just check out ""Managing your ad preferences"" at support.spotify.com or manage in-app by liking and disliking ads. If that doesn't help, reach out to our Customer Service by searching for ""Contact Us"" on the same site.",Spotify
fa249299-f0cb-43ee-881b-6706878d4ecc,Victor Recio,5,2026-09-19 17:17:51,give everything what you need,9.1.82.2161,0,,Spotify
9dbb7c7c-0982-4488-8049-0019d34c0a1c,Misoo Marikos,1,2026-09-19 17:10:53,to login password,,0,"Hi. We're open to feedback, and we'd love to get some more info about this. If you have the time, give our Customer Service a shout. You can find them by heading to support.spotify.com and searching ""Contact us"".",Spotify
488220e9-4996-4910-9771-0543a917008b,Syril Joseph,1,2026-09-19 17:10:05,difficult to use and terrible it won't play the songs I pick instead it plays different ones🤬,9.1.82.2161,0,,Spotify
7ef4a632-96a2-485d-994b-e0845e522163,Huzaifa Nisar,3,2026-09-19 17:02:42,bas primum ka masla ha,,0,,Spotify
caf5a24a-b14c-49c7-bd71-bb3c189912c7,Joe,1,2026-09-19 16:59:06,"This app sucks, tried opening app & says ""check connection"",their is nothing wrong with my connection,YouTube & Pandora work fine",,0,"Hi. We really appreciate you sharing this. There are steps that can help you with this on support.spotify.com. Just search ""Spotify is Offline"". If these don't work, we recommend reaching out to our Customer Service by searching ""Contact Us"" on the same site.",Spotify
1824c8a0-5879-448c-becc-91654eb0e623,Jovan Ivosevic,5,2026-09-19 16:58:32,"Wish it were a little easier on Android to turn on and off background mode. Sometimes I want my music to come on right away when I Bluetooth my phone to my car. Others, I don't.",9.1.80.2221,0,,Spotify
3f9e110c-1ab8-4034-bfa5-bed80c45c2f1,V Cook,1,2026-09-19 16:55:01,Music listening ❌ ads listening ✅,9.1.80.2221,0,,Spotify
9b1aa627-8243-4660-a548-bf205fcf41ce,Joress Cosme (Josh),5,2026-09-19 16:54:49,awesome 😎,9.1.82.2161,0,,Spotify
956ce304-0cec-4d28-a4d8-5e84a383d669,Ady Parks,3,2026-09-19 16:48:08,"Good app, waaayyyyy too many ads tho",9.1.80.2221,0,"Hi. We appreciate your feedback, and we'll pass it along to the Ads team. For an ad-free experience, we'd recommend checking out our Premium plans at spotify.com/premium. If you've never had Premium before, you should be eligible for our trial.",Spotify
7d521514-ffea-4fa6-be47-4f34ff550720,Cassandra E,4,2026-09-19 16:46:35,This app is awesome for listening to music and I do recommend it to anyone who like great variety in music this app is my favorite app and I have almost 3 thousand songs saved on it so I really do recommend it and you can use it on tons of devices and you can she Playlists with others and make mixes of music with your friends it amazing 5 stars. One thing however is the ads while premium is amazing when you dont have it or just cant afford it there are tons of ads.,9.1.82.2161,5,,Spotify
720e37d5-bf4b-4e42-9555-b1df7b86de40,Jessenia C Passanisi,2,2026-09-19 16:43:40,too many commercials,9.1.80.2221,0,"Hi. We appreciate your feedback, and we'll pass it along to the Ads team. For an ad-free experience, we'd recommend checking out our Premium plans at spotify.com/premium. If you've never had Premium before, you should be eligible for our trial.",Spotify
056464d1-b97a-41b4-9ce4-e744437eb15f,Lesley Jacobs,5,2026-09-19 16:34:23,very good,9.1.82.2161,0,,Spotify
3f448c7c-a817-4c12-a281-df3fdfa821dd,Marj Taglieri,5,2026-09-19 16:33:19,"I enjoy Spotify on all of my devices, TV, App, etc. Best in my view, for the many years I have Spotify@",9.1.80.2221,0,,Spotify
725a7733-8755-4267-9605-1dfd4f26f9dc,Kendra M,5,2026-09-19 16:33:13,it's amazing good app!!,9.1.82.2161,0,,Spotify
0c11a9d8-2a9c-4009-b791-a63e52ca5f22,Farabi Khan,5,2026-09-19 16:32:48,spotify is so good like u can get any kind of songs like sad happy its a perfect app,9.1.82.2161,0,,Spotify
c9b24b26-45e1-4001-b337-04517eb77ee4,Michelle Dajiema,4,2026-09-19 16:30:22,"took much ad,and even after one song there is like 4 ads,and thats bad",9.1.82.2161,0,"Hi. Thanks for leaving a review. If you’re experiencing frequent ads, we recommend trying a quick reinstall. If that doesn’t resolve the issue, reach out to our Customer Service team at support.spotify.com by searching for “Contact Us.""",Spotify
dcece69b-90d1-4467-9323-5db68e170ef6,Dorian Krok,1,2026-09-19 16:29:14,mobile connection quality setting doesn't have an effect,9.1.82.2161,0,,Spotify
b6a647f3-fc3e-4a43-99fe-f92de3673508,Bryna Gribbins,1,2026-09-19 16:23:37,I am supposed to have 15 hours of audio book listening time. I never listen to books on Spotify but decided to listen to one that's not even 10 hours long and Ive been listening to it on 1.5x speed. why tf am I being told I've run out of listening ours when I should have 6 hours left minimum and am not able to contact anyone about it,,0,Hi. Thanks for bringing this up. We count the audiobook listening time used based on each playback of an audiobook at normal speed. This means adjusting the speed of the playback won’t affect the amount of audiobook listening time included/remaining in your allocation.,Spotify
c957faaf-7b84-4418-8663-10f0cee827f5,Josiah Amaya,5,2026-09-19 16:23:23,love it,9.1.82.2161,0,,Spotify
009d2dee-97cf-41c0-a77f-6fa0da5ad3cf,Sherry Ann,5,2026-09-19 16:21:16,Great!!,9.1.82.2161,0,,Spotify
a7dae050-609b-4191-9059-f57147f315f4,Adrian Morris,5,2026-09-19 16:20:36,easy to use,9.1.82.2161,0,,Spotify
8839b9e4-ce86-4bfc-bc6d-982ab199cd71,Muhammad Eesa,5,2026-09-19 16:16:10,lovin the music and its just anotha vibe just too good,9.1.80.2221,0,,Spotify
58240d02-e34a-4a8d-a431-8d3ac1a9779a,Ca3n Ri2a,5,2026-09-19 16:15:09,one of the best music app 🥲,9.1.78.2218,0,,Spotify
ede0d9e1-83b1-45fd-93c7-c685bb88d788,ranjit Kumar,5,2026-09-19 16:13:33,easy,9.1.82.2161,0,,Spotify
78c53a0b-e5ec-478c-9143-fffaa152e7be,David Macias,5,2026-09-19 16:08:20,Best Music App AND GREEN IS THE BEST COLOR!! 💚,9.1.82.2161,0,,Spotify
6d8703d7-b704-4691-a639-d09220e22655,onyeanakwe Evelyn,5,2026-09-19 16:07:22,Spotify app is a reliable source of music Thanks a lot Spotify 💯,,0,,Spotify
314f7d0d-e431-4b80-84bf-f36453e6cd42,Antonio Alvarez,5,2026-09-19 16:05:26,awesome app,,0,,Spotify
b8f71562-4731-4bd0-9a21-02f10e429319,Kayla Bohanon (KK!!),5,2026-09-19 16:02:52,"it's an amazing app for music. aside from the occasional music which doesn't have lyrics, the app is amazing. just make sure to get a subscription, or you cant do anything really.",9.1.80.2221,0,,Spotify
8d42c9d7-93f8-4647-a081-dde092acd8b0,Waleed Saeed,3,2026-09-19 16:02:30,adds or pay,9.1.82.2161,0,,Spotify
77f3920c-e84c-4662-9096-6a18a59a963a,Ayra Amburu,1,2026-09-19 16:01:14,too much aads,,0,"Hi. Thanks for sharing this. We hear you and we'll pass your feedback along to the Ads team. For an ad-free experience, we'd recommend checking out our Premium plans at spotify.com/premium. If you've never had Premium before, you should be eligible for our trial.",Spotify
56172703-e663-432d-8ea2-536717fca741,Dimas Tembo,5,2026-09-19 16:00:01,very special,9.0.56.591,0,,Spotify
dca059b0-e744-49d9-9add-f7da74f90737,Miracle Sijuwade,1,2026-09-19 15:53:21,you're doing great chill till am 18 when I can have a credit card okay,9.1.82.2161,0,,Spotify
d4882b12-c933-4a1b-a795-b89afc60bdfc,Ricky Arreola,5,2026-09-19 15:52:43,very good app,9.1.80.2221,0,,Spotify
a31c37db-d09b-42db-b994-21434c83a0ff,Ziko,5,2026-09-19 15:52:28,tfo,,1,,Spotify
baa64e8d-6ab2-4edd-834f-4cb8be85e850,Feruza Ashirboyeva,5,2026-09-19 15:52:24,This programm is really excellent 💓😍😘,9.1.80.2221,1,,Spotify
a33638b4-c4fe-4840-8297-6f130ff4ea4d,SHAZAIB RAJPOOT,5,2026-09-19 15:49:36,it's good but some songs are not on Spotify,9.1.78.2218,1,,Spotify
8c6b5b7d-4aac-4740-aab4-27bad270bea5,José Miguel Palou,5,2026-09-19 15:48:49,excellent,9.1.80.2221,0,,Spotify
afae0069-8e21-49bd-b4c2-ac6e7d6a68fa,Jesse Delgadillo,1,2026-09-19 15:43:25,I hate it cuz I can only listen music ones change it,9.1.82.2161,0,"Hi. Thanks for sharing this to us. We'd recommend checking out our Premium plans at spotify.com/premium, for more flexibility in your songs. If you've never had Premium before, you should be eligible for our trial.",Spotify
409c0d45-ea53-4a78-a42c-2ea08b6507f3,Stanislav Makhno,3,2026-09-19 15:38:58,"Extremely freezing sometimes, most of the time its slightly freezing",9.1.80.2221,0,"Hi. Thanks for sharing this with us. For the app's behavior, you can try a quick reinstall. If that doesn't help, we'd recommend reaching out to our Customer Service at support.spotify.com. Just search ""Contact Us"", and they'll be happy to help.",Spotify
8c14f7e2-1941-4334-ae5f-f2a5e709e3f5,Abimael Magsino,5,2026-09-19 15:35:24,nice app,9.1.52.1394,0,,Spotify
578897fc-f325-442a-b533-3e6efc2b12ea,Keri-Lyn Riley,5,2026-09-19 15:34:51,Great app!,9.1.82.2161,0,,Spotify
c7ec8612-7f52-450c-9eeb-ef15a8f60869,aulia ahmad mirza putra,1,2026-09-19 15:32:00,loser apps.,9.1.80.2221,0,,Spotify
531dfcd7-fa1f-4895-a442-f7021a4b2676,Swavylee Michael,5,2026-09-19 15:31:20,2028 upgrade,,0,,Spotify
b01dc0d9-ea2b-4f9a-ac56-59195df0c952,Kanchan Saiyam,5,2026-09-19 15:31:02,I have been using Spotify for a long time It's a good music app .,9.1.80.2221,0,,Spotify
299f7308-3b5b-4212-86f4-315d4b8e2e26,crock with the glock,4,2026-09-19 15:27:30,awesome with premium,9.1.78.2218,0,,Spotify
967acbe2-3b24-4b74-8b38-109d562da43d,Lindokuhle Vilakazi,5,2026-09-19 15:27:18,Good,9.1.78.2218,0,,Spotify
90f21868-5489-4b61-9281-adae3bb94c69,Jason Sookraj,1,2026-09-19 15:26:09,Idk,9.1.82.2161,0,,Spotify
7610c010-b37c-4a5c-92d2-73d455f17499,Francisco Saldarriaga,5,2026-09-19 15:25:34,Excellent the best number 1,,0,,Spotify
e858220f-b2d1-400a-895a-69eac1b42885,Sifiso Dlamini,5,2026-09-19 15:22:32,Every song that I want i get it on Spotify.,9.1.82.2161,0,,Spotify
aaefa8d2-a779-4776-b4af-c0e553a748dc,Mike Colbeck,4,2026-09-19 15:21:21,Great app for quick and easily managing music playlists. Doesn't have everything but most songs on there. Great podcast integration and that you can now reorder playlists on mobile. Takes up way too much space after a while even if you clear cache and downloads. Fine if you reinstall.,5.5.0.16251,0,,Spotify
584eede9-bdcd-4abb-ac3d-869f562d4efa,Kalid Yazid,5,2026-09-19 15:17:43,sesk,9.1.82.2161,0,,Spotify
9af933d4-7083-4d57-ae1a-8d600e45625e,John Emeka,4,2026-09-19 15:15:01,nice but too many adds,,0,"Hey. We appreciate your feedback. For an ad-free experience, we'd recommend checking out our Premium plans at spotify.com/premium. If you've never had Premium before, you should be eligible for our trial.",Spotify
2cca2bf0-4005-41b6-87df-02a4d4c83173,gord grant,5,2026-09-19 15:11:26,all good 👍,9.1.82.2161,0,,Spotify
58111c6e-88fa-4259-88e5-6d35eb8dcae6,Lucius Mejia,5,2026-09-19 15:08:41,love it the membership is worth it trust but going for the free membership is recommended first unless you don't like it but I like it the way it is,9.1.82.2161,0,,Spotify
a0ff7b6f-9755-49e4-a94b-e23ce7b58132,Sasha,2,2026-09-19 15:06:41,"Would give 5 stars, but my app is constantly skipping on its own when on Bluetooth. When I try to contact support, it keeps giving instructions on how to work Bluetooth. It's not a user issue, it's the app... and I pay for this???",9.1.82.2161,0,,Spotify
aef00f9c-5a02-4c95-adb4-bfe7bf138f7e,Samantha Bryant,5,2026-09-19 15:04:29,good,9.1.82.2161,0,,Spotify
e914e360-1a2c-4b3d-95d5-e570fe2fac2e,Emihle Mvunyiswa,4,2026-09-19 14:59:30,best place to look for any good music and song.,9.1.82.2161,1,,Spotify
742d59ad-42ae-4798-ac18-2a30b2ad6302,Chaman Lal,5,2026-09-19 14:59:21,best song app but remove add,,0,,Spotify
0da7d015-608d-4891-910f-2455f803ab57,Cheryl Brooks,5,2026-09-19 14:58:32,I enjoy using Spotify. 💖✨️💯😊,9.1.82.2161,0,,Spotify
a5e5b5ef-b767-4e55-ae23-e6780f97eb41,Kamal Gurjar,5,2026-09-19 14:58:18,very good app but buss ads,9.1.82.2161,0,,Spotify
4e02cd3e-2a2f-42e9-8c4a-b8f923fc9397,Clint Lobo,5,2026-09-19 14:57:02,Wonderful,9.1.78.2218,0,,Spotify
7d01dabc-6c49-45ee-b7fe-0850b73af058,ROBEL TRIPURA,5,2026-09-19 14:56:42,ads many more comes,9.1.82.2161,0,,Spotify
2308666c-28f4-430a-8880-255217c92e1a,Sonny Ballard,3,2026-09-19 14:53:38,to many ads,9.1.82.2161,0,"Hey. We hear you and we'll pass your feedback along to the Ads team. For an ad-free experience, we'd recommend checking out our Premium plans at spotify.com/premium. If you've never had Premium before, you should be eligible for our trial.",Spotify
330be5ac-743c-4f55-a27f-ddac5fa58036,Sazidul,2,2026-09-19 14:51:47,ka cl kb ch,9.1.82.2161,0,,Spotify
dd1f5feb-da20-4df0-a428-244889384533,Rikynti Nongkhlaw,3,2026-09-19 14:50:33,good,9.1.82.2161,0,,Spotify
773fe9ef-67b6-4cf7-9ddc-97c9444a25d6,Vinod Doshi,3,2026-09-19 14:49:57,"The background video was coming in songs but suddenly it stopped coming, now it doesn't come in any of the songs Plz check it out",9.1.82.2161,0,"Hi! Thank you for leaving a review. For more information and step-by-step instructions, visit our Support Site at support.spotify.com and search for ""Music videos on Spotify."" If you need further assistance, you can also reach out to our Customer Service team by searching for ""Contact Us"" on the same site.",Spotify
126f073b-a02c-47a7-bb4c-67efca38bd88,Sk Roshan,5,2026-09-19 14:49:45,best app,,0,,Spotify
1ef9bf39-5c0d-416b-9476-d6fc66e7238f,Precious Allwell,4,2026-09-19 14:49:21,"It's a great app,but please can a ""select/checkbox-delete"" feature be added into app? It will really help in mass deleting unwanted songs please!! Have been searching, can't see a menu-idea page or button.",9.1.82.2161,0,Hi. Thanks for your feedback. We'd recommend adding it to our 'Ideas Board' over at community.spotify.com. Just head to the Menu > Ideas. Others will then be able to vote or add to the conversation to show their support.,Spotify
06de672f-df4e-40f9-9ed6-bbc023515cb2,Soumya Deep,5,2026-09-19 14:48:51,Very much add,,0,,Spotify
ef4f59aa-cdca-4611-950c-fdf1edac3566,Jessica,5,2026-09-19 14:47:30,wonderful app,9.1.80.2221,0,,Spotify
8daa3d6d-7ffb-4b39-806c-647984008fd9,Keyora Haynes,3,2026-09-19 14:47:24,great app but you can't replay a song without having premium or go back sometimes you can't pick a song out of your playlist they just play it in random order but I haven't had trouble finding any songs so yeah try it out,9.1.80.2221,0,,Spotify
f07c7a6d-8d3d-418e-b1f0-ebd3564b439c,Saumil Kumar,5,2026-09-19 14:45:56,best For GYM,,0,,Spotify
df8ba005-d961-426c-aaea-552a78d38b32,Samuel Man,4,2026-09-19 14:44:11,good,9.0.62.622,0,,Spotify
65b30935-3fc5-4002-a951-160756911506,Bipul Baidya,4,2026-09-19 14:41:20,good this feature,9.1.82.2161,0,,Spotify
99572fd0-e3f7-4c87-ab72-539825585e27,Aniya Figueroa,1,2026-09-19 14:38:27,"If you don't get premium, this app becomes a living hell really quickly.",9.1.80.2221,0,,Spotify
97a64901-d271-4dd3-98c5-0dd8dab88c2d,GAUTAM KUMAR,5,2026-09-19 14:34:23,"In currently, the s is best app for music listener",9.1.80.2221,0,,Spotify
96450249-2699-4de3-977c-6303c468c584,Raj,4,2026-09-19 14:32:12,drops out a little,9.1.82.2161,0,"Hi. Thanks for sharing this with us. For the app's behavior, you can try a quick reinstall. If that doesn't help, we'd recommend reaching out to our Customer Service at support.spotify.com. Just search ""Contact Us"", and they'll be happy to help.",Spotify
5a7fba36-59a6-417b-a37c-257a8321a147,Alfie Champion,1,2026-09-19 14:31:37,Decided to finally switch to Amazon Music as the 4 ads every 2 songs is driving me insane. I have tried uninstalling the app and installing again and also making sure everything is updated. Premium feels like heaven but isn't easy to afford every month. Hopefully spotify improves this soon as I would love the app otherwise. Many people seem to be having this exact problem so I'm unsure why nothing has been done to solve it.,9.1.82.2161,4,"Hi. Thanks for sharing your experience. We suggest clean reinstalling the app as it's a step above basic reinstall and fixes many common issues. For the steps, check out ""Reinstall"" at support.spotify.com. If you need more help, reach out to our Customer Service by searching ""Contact us"" on the same site.",Spotify
4768dcf1-4d46-4c1e-b431-dad63b1b588f,Chidera Linus,5,2026-09-19 14:29:46,beautiful song selection on shuffle,9.1.80.2221,0,,Spotify
69b52bf8-77a9-4716-8c84-6cd5b8fd2b5a,sadia Qaiser,5,2026-09-19 14:23:37,✨️❤️,,0,,Spotify
6ed9099e-6e5f-4b52-85e3-bcdacdba6236,Lea,1,2026-09-19 14:23:30,"I'll be hours into a podcast episode, then the next time I open Spotify, the episode I was just listening to is started over from the beginning. this never used to happen",9.1.82.2161,1,"Hi. Thanks for sharing your experience. Have you tried a quick reinstall? If that doesn't help, you can get in touch with our Customer Service by heading to support.spotify.com and searching ""Contact us"".",Spotify
8d021d10-de87-491e-b889-8bda0d96498e,Onte Kuruba,5,2026-09-19 14:22:44,poohui,9.1.82.2161,0,,Spotify
61185e3c-cc79-4b3e-8dfc-9640ab922c64,Jayson Firestone,5,2026-09-19 14:22:18,awesome,9.1.82.2161,0,,Spotify
6a7bc0eb-8a51-44c9-a125-b147bfb21a40,Chikanike Eben,2,2026-09-19 14:19:47,not that good,9.1.72.1891,0,,Spotify
2ce7bd14-dffd-41f9-bc83-fbe94962b90e,david olzerowicz,5,2026-09-19 14:16:39,great,9.1.82.2161,0,,Spotify
13163c78-d295-4c1b-9646-5ba212467315,Silverio Rivas,5,2026-09-19 14:16:05,it's amazing 🤩,9.1.78.2218,0,,Spotify
6499df25-fef4-4c7c-aa12-7c6498743773,Hasrh Pande,5,2026-09-19 14:15:47,hello sir good evening ✨,,0,,Spotify
8dfec750-5e83-49b3-bb43-afe6aaf0149d,Qaiser Mehmood,5,2026-09-19 14:13:39,good music 🎶 app,9.1.82.2161,0,,Spotify
68e95ff6-fbc8-4975-8127-60d37e760f56,Colbie Griffin,4,2026-09-19 14:09:51,I don't really like all the ads,9.1.82.2161,0,"Hey! We hear you and we'll pass your feedback along to the Ads team. For an ad-free experience, we'd recommend checking out our Premium plans at spotify.com/premium. If you've never had Premium before, you should be eligible for our trial.",Spotify
17194ce5-7582-4cbf-a49a-448592cfd601,Sthembile Mncwabe,5,2026-09-19 14:09:50,I am able to listen to my favourite music and the app allows your preferences and type of music,9.1.82.2161,0,,Spotify
56e07087-8174-4c34-beb0-9f7b272bcc40,Daniela Djiss,3,2026-09-19 14:09:19,"Good app , but too much ads 😭",9.1.80.2221,0,"Hey! We hear you and we'll pass your feedback along to the Ads team. For an ad-free experience, we'd recommend checking out our Premium plans at spotify.com/premium. If you've never had Premium before, you should be eligible for our trial.",Spotify
929fcd78-e8bd-486c-928e-99b680474dc1,Arslan Baz,5,2026-09-19 14:03:12,Exceptional.,9.1.82.2161,0,,Spotify
04de3f55-7fb0-409e-92d2-3f84d6d26cfd,Gulltop,2,2026-09-19 13:59:48,"what's new: You're ""always making changes"". That's bad and actually makes me turn OFF auto updates. Just change it when needed. and... Please use the app store's ""What's New"" section to tell us WHAT'S NEW. *What* fixes or improvements? (Communication is part of software process quality, gives us confidence to update, and gets you more stars.)",9.1.84.2205,0,,Spotify
20139392-7378-468a-b5e7-ce8ccb8efcdf,Matt Woycik,5,2026-09-19 13:59:09,amazing,9.1.82.2161,0,,Spotify
9cda269c-1372-45f2-9079-53f7345c517e,Kamal Mali,5,2026-09-19 13:59:00,very very very very much nice app,9.1.80.2221,1,,Spotify
6831c4eb-1430-466e-93e9-f8554c693d0d,Keerthanashankar Shankar,5,2026-09-19 13:56:53,my stress relief one of the best app,,0,,Spotify
5dbc75e7-14b4-4519-b420-0d39807fc4c5,Gaurav Arora,1,2026-09-19 13:54:11,The current listening stats don't give us way to see our monthly listening please give us option to switch between weekly and monthly listening stats or bring the sound capsule back,9.1.82.2161,0,"Hi! We appreciate your feedback. Your Sound Capsule experience is now evolving into listening stats, where a more dynamic way to stay in tune with your music is offered. Visit newsroom.spotify.com and search ""Spotify’s Latest Feature Charts Your Week in Listening"" to learn more about this feature.",Spotify
81219b21-c22e-4c42-9147-46969d8c7df0,Jack M,2,2026-09-19 13:52:48,"music is available but the connectivity is horrific, constant popups, ads during podcasts and I'm paying for premium, if my other half wasnt using it id get rid",9.1.80.2221,0,"Hi. We really appreciate your feedback. This has been the case since the early days of podcasts, and remains true today on Spotify. As a Premium user, you may receive advertising or sponsored messages when playing a podcast, but you can still enjoy ad-free music.",Spotify
c3ce185a-8407-439b-bfa1-986b078c887d,Jonathan Panguito,5,2026-09-19 13:52:28,best music streaming platform,9.1.82.2161,0,,Spotify
837b6036-4a4d-4b25-80a7-e95fffea2920,Samuel,5,2026-09-19 13:48:07,I love it...,9.1.80.2221,0,,Spotify
c3b7e1a9-db9c-46c7-a418-5d457778a1d1,Selame Moit,5,2026-09-19 13:45:47,i love Spotify 😘,9.1.82.2161,0,,Spotify
cee0cd7b-ccdc-4cd0-bdc8-1a2e43869f19,Jennie Jay,5,2026-09-19 13:44:05,jenniejay,9.1.80.2221,0,,Spotify
7b8cf635-2e12-467a-bd31-59844f270dfc,Tillman Doty,1,2026-09-19 13:40:10,randomly closes while playing music.,9.1.82.2161,1,"Hi. Thanks for sharing your experience. Have you tried a quick reinstall? If that doesn't help, you can get in touch with our Customer Service by heading to support.spotify.com and searching ""Contact us"".",Spotify
c43d91e0-1cc4-4cd5-af41-266a4eaabc84,Aanvi Kundu,5,2026-09-19 13:39:09,It's just perfect.,9.1.80.2221,0,,Spotify
4d9a7ad6-b93f-4100-9891-f472abaab3fb,James Kwesi Ababio,5,2026-09-19 13:37:24,Exceptional,9.1.82.2161,0,,Spotify
1a0bd24a-f244-429d-8278-3418a0cb0add,Prem Yadva,2,2026-09-19 13:35:45,Satyam yadav,,0,,Spotify
bcbeb18f-e9bc-4c4b-b0d9-3d2dc3e6841d,Lepele Chakela Jan,3,2026-09-19 13:34:27,too much advertising waste data download with data also play with data waste,9.1.42.2058,0,,Spotify
23bb2cdd-1297-4adf-b1b4-95554fd2c31f,Vaibhav Chauhan,2,2026-09-19 13:32:10,Giving limited skips in free plan,9.1.82.2161,0,,Spotify
f4ee363d-bc80-4118-937f-cb9cf4ba497d,Noneofyours Ok,5,2026-09-19 13:31:42,excellent,9.1.80.2221,0,,Spotify
7a886591-751c-4eca-be0b-e33a007f80f3,Nazar Sola,1,2026-09-19 13:31:22,not useful to me,,1,,Spotify
8c29c0ae-395a-4f9d-b1c4-c6c7f5977cef,Ilesanmi Stephen,5,2026-09-19 13:29:19,nice app,9.1.80.2221,0,,Spotify
a21f36e9-f2f8-423e-aba9-d36855b8896e,Elizabeth,2,2026-09-19 13:27:26,I don't know what's going on with this app it's literally unusable lately this just happened recently and I'm not sure why because it didn't have an update I don't think and it doesn't have an update pending what you guys really got to fix it this is an app I use everyday at this point I have to use YouTube music and you can't listen to music if you close the app I really prefer Spotify please fix it,9.1.82.2161,0,,Spotify
8c3720ef-264a-4ff9-9a63-7b4c2a671903,Sher'rie Eichelberger,5,2026-09-19 13:25:34,"Just love listening to the variety of all the music available! It helps me when I need to do my cleaning and working to help with my PTSD, anxiety, etc... issues. Thank You! Helps me concentrate.",9.1.80.2221,1,,Spotify
edabe76a-99b9-4b44-94d9-0c369aaebbf3,Pinku Negi,4,2026-09-19 13:25:15,nice pic,9.1.82.2161,0,,Spotify
d5926d07-1dee-46a9-bdb0-d57c2e149fda,Brijesh Verma,4,2026-09-19 13:23:36,nice music qulity,9.1.82.2161,0,,Spotify
e3a86b7e-4b25-40e1-be6d-9eade8eb3ed4,Gwendolyn Guettler-Johnson,4,2026-09-19 13:18:30,very good with primeum but if you don't then you have adds like every 2 songs and it's the same add over and over again,9.1.84.2205,0,"Hi. Thanks for leaving a review. If you’re experiencing repetitive ads, we recommend trying a quick reinstall. If that doesn’t resolve the issue, reach out to our Customer Service team at support.spotify.com by searching for “Contact Us.""",Spotify
e61d42db-d17a-4741-82c6-79093f19f534,Mayur Chouhan,5,2026-09-19 13:17:16,best app for music listing using from past 4 years,,0,,Spotify
0d5fcceb-8977-4421-aa20-6b5c0ed35439,Surjendu Sinha,5,2026-09-19 13:16:20,The amount of trolling Spotify does because I won’t subscribe 😭,,0,,Spotify
a3aba3ba-9438-4626-9825-e7d7a6fbf87c,Ginja Ninja,5,2026-09-19 13:14:08,I love Spotify especially premium!,9.1.80.2221,0,,Spotify
caa94588-1c26-4ddb-b510-579c1f24b5ef,Subho Ghosh,5,2026-09-19 13:14:02,Best quality app,,0,,Spotify
8766a75e-3952-4915-9c33-d33930a3cb28,Saurabh Sharma,5,2026-09-19 13:11:25,Must have application on any device.,8.9.80.581,0,,Spotify
c608dbaf-cb97-41ed-844e-593028714875,Eddy,4,2026-09-19 13:10:42,"Ads are.. there to say the least. (at least they were until i got premeum.) Moving on, why isn't there a way to delete your history directly within the app? That's something I (and im sure other ppl on earth) want. Update: I would add it to the idea board, but I keep forgetting to do that. So how about just adding that feature (and more of the most requested features/fixes) in a big update?",9.1.82.2161,1,Hi. Thanks for your feedback. We'd recommend adding it to our 'Ideas Board' over at community.spotify.com. Just head to the Menu > Ideas. Others will then be able to vote or add to the conversation to show their support.,Spotify
31c1bce2-438e-498e-a658-2eff0a9efc3a,Anil kumar Sunny Kumar,5,2026-09-19 13:09:58,best app,9.1.72.1891,0,,Spotify
5ddd3ed0-2097-4240-bdb4-7b3522510795,Angela McMillan,5,2026-09-19 13:08:22,"keeps me hopeful, helps my Faith to stay Strong",9.1.78.2218,1,,Spotify
e0d5be8f-e799-47f1-affe-91d234c0750d,Stephen Peinado,5,2026-09-19 13:08:14,"Pretty pleased, i have yet to find a negative on SPOTIFY....the best that ever happened to music. hands down the best music app!!",9.1.80.2221,1,,Spotify
cb3d87e7-0365-406b-95d8-2a5aff253fa1,Faizur Rahman Alif,5,2026-09-19 13:08:13,"I really enjoy using SPOTIFY. It has a great collection of music, excellent sound quality, and makes it easy to discover songs and artists that I love. I especially appreciate the personalized recommendations and playlists, because they often help me find music that matches my mood and interests. The overall experience is smooth, simple, and enjoyable. For me, music is something very meaningful and SPOTIFY makes enjoying that music even better. It is a holyful platform for me always.",9.1.82.2161,1,,Spotify
bc313134-bea7-4020-9daa-0e83c716f0b4,mojo jojo the monkey,5,2026-09-19 13:08:09,W speed,9.1.82.2161,1,,Spotify
ae478618-2b1c-43ec-88d9-06a81f749a12,Sampatabai Shinde,5,2026-09-19 13:07:02,best app ever,,1,,Spotify
8bdb6ca5-640a-4a27-9afb-1ec82d521f1e,Nick Clarke,4,2026-09-19 13:05:58,I've had spotify for years but wth is going on with it at the moment its forgetting queues and constantly taking me back to the home page rather than back to where i was this is getting annoying,9.1.82.2161,0,"Hi. Thanks for bringing this up. We're open to feedback, and we'd love to get some more info about this. If you have the time, give our Customer Service a shout. You can find them by heading to support.spotify.com and searching ""Contact us"".",Spotify
699cf714-95a8-44d0-970d-23ef0e1b6bfc,Prajakta Meshram,5,2026-09-19 13:05:14,Best music listening app,9.1.82.2161,1,,Spotify
ddc16b42-12ab-4ff2-b945-e34e95ad2bcc,Akshay Yadav,5,2026-09-19 13:02:50,brooooo..... no words to describe this app... aur agr premimum leliya toh frr toh... next level h broo.... im using it since last 4 year and after every update it improves...,9.1.82.2161,0,,Spotify
6f5db468-3f19-4998-aa0c-a1e5714c4065,Joseph Schlatter,5,2026-09-19 13:02:39,💯,9.1.82.2161,1,,Spotify
268c617b-eb5e-4480-8260-a8033facfdb0,maheshwaran pillai,5,2026-09-19 13:00:25,Nice appilication for music✨️,9.1.82.2161,1,,Spotify
f93fdd15-b1b6-4fe9-9446-55eb3590a8a9,Tori Williams,1,2026-09-19 12:59:20,"This app is so slow. Not only does it take nearly 2 minutes for the home screen to appear, I waited on a search for over 5 minutes with no results. I wrote this review 5 years ago, and it's still this bad.",9.1.78.2218,1,"Hi. Thanks for sharing this with us. For the app's behavior, you can try a quick reinstall. If that doesn't help, we'd recommend reaching out to our Customer Service at support.spotify.com. Just search ""Contact Us"", and they'll be happy to help.",Spotify
ea20b659-0f3e-453c-a5ef-d15fb19f25d6,Duncan Moore,1,2026-09-19 12:57:34,"Just when you thought Spotify couldn't get any more laggy, it does! The app has become so slow (tap on a song and get a blank screen for 15+ seconds). It crashes frequently (sometimes need to restart between each audiobook chapter). Annoying UI changes mean more taps and scrolling to do simple things like liking a song. And I hate how if I play a song on Spotify on my laptop, the sound comes out my phone's speaker. Why would I want that? UX and performance keep going downhill...",9.1.82.2161,36,"Hi. Thanks for sharing your experience. We suggest clean reinstalling the app as it's a step above basic reinstall and fixes many common issues. For the steps, check out ""Reinstall"" at support.spotify.com. If you need more help, reach out to our Customer Service by searching ""Contact us"" on the same site.",Spotify
32df7e1c-cab0-4553-959c-01a8a92e5982,Free fire Max,1,2026-09-19 12:57:17,fully ad,9.1.44.2120,0,,Spotify
5bcc2d9c-04dd-407f-a1e9-c371503c4b44,CC Code,5,2026-09-19 12:55:42,Able to do super cool jam sessions with my friends and listen to really cool music.,9.1.82.2161,1,,Spotify
1dbbdab8-69be-49c0-a628-ff2b4bbc8ca0,Avinash More,2,2026-09-19 12:54:39,nayish,9.1.80.2221,0,,Spotify
e354af2a-f5ea-49ce-9d6b-a3febbc5ac46,Prakash Ambaliya,4,2026-09-19 12:53:24,best app for audio music,9.1.82.2161,0,,Spotify
5184f022-57ef-49f5-bf6a-f2c7b1f44fc6,Sayan Banduri,5,2026-09-19 12:53:09,good experience,9.1.82.2161,1,,Spotify
848ac204-3657-4f84-9bc7-adafedf91a02,suresh Kambar,1,2026-09-19 12:51:11,this app in only ads this app is very 👎 i am uninstalling,9.1.78.2218,0,,Spotify
3103783a-e9ca-4de4-ad45-b34472aa5b74,Divye Vats,2,2026-09-19 12:50:42,this 2 stars is bcoz of advertisement!! I don't like advertisement too much!!,,0,"Hi. We appreciate your feedback, and we'll pass it along to the Ads team. For an ad-free experience, we'd recommend checking out our Premium plans at spotify.com/premium. If you've never had Premium before, you should be eligible for our trial.",Spotify
04e34cf4-7b58-4726-941f-149e043e632e,Esomchukwu Nwanyanwu,4,2026-09-19 12:49:12,All in all the app and experience is really good. But it would be great if the dj is properly optimized because it sometimes cuts midway while playing a song.,9.1.80.2221,0,,Spotify
a218a1f4-4bb8-43b6-acec-a4e60ee24c79,Debbie Anthony,5,2026-09-19 12:46:35,Perfect thanks,,1,,Spotify
d86333bc-141a-45ca-953d-b3fb685dab45,Scelo Mabaso,4,2026-09-19 12:45:03,I should be giving you 5⭐ but without Prophet Jones album and Night n Day album you'll get 4⭐,9.1.80.2221,0,"Hi. Thanks for bringing this up. We're open to feedback, and we'd love to get some more info about this. If you have the time, give our Customer Service a shout. You can find them by heading to support.spotify.com and searching ""Contact us"".",Spotify
ddcf3753-bbf3-4666-87bd-6744baf171c2,Arghadwip Saha,1,2026-09-19 12:44:36,"Spotify is full on dhandabazi mode, i think now I have to listen songs from instagram 😄",9.1.82.2161,0,,Spotify
71d6241e-b9f6-4cd6-9097-4f6c1cb2a7a8,Lotus,1,2026-09-19 12:41:34,"this app was so good before times but now it happens to be such a annoying app every time I listen or I play a song I like it doesn't play I mean one day I searched the song ""That Way"" by KATSEYE and when I clicked on it a different song by KATSEYE played (Bel Air) and I couldn't understand why did it happen but nwm and now if that wasn't enough they have started playing an add after every song I mean you play one song and then after that you have to listen to back to back three ads like what?",9.1.82.2161,0,"Hi. We’re always updating our free experience, and as part of that, you may notice a few changes. If you're getting more ads than usual, quick reinstalling the app might help fix it. For additional support, reach out to our Customer Service by searching ""Contact us"" at support.spotify.com.",Spotify
67a57e85-8901-4fdf-9ff7-c1f263828392,Alpha male,5,2026-09-19 12:40:57,fire 🔥,,1,,Spotify
cb462bfd-3d0b-49d1-bd14-388e02c75214,Mayank Kumar,5,2026-09-19 12:40:20,woooooo bast music aap,9.1.82.2161,1,,Spotify
f2849ee5-1f25-412b-bc4f-d7f4eb597e7d,Curtis Tucker,5,2026-09-19 12:39:51,excellent!,9.1.82.2161,1,,Spotify
883e325f-2671-402e-b8b8-b0e3f4ee143b,Joselito Enopia,2,2026-09-19 12:35:59,Pangit naman di ka makapili ng kanta..6 skip lang hindi unli skip ok lang sana 30 second ads dinagdagan pa ng 6 skip limit per day..Kaya ayaw ko na mag stream dito..Download nalang ako offline music wla pang ads..,9.1.80.2221,0,,Spotify
2f368aee-5b7a-4276-aac0-28b971781082,Yasharth Singh,1,2026-09-19 12:34:30,"Spotify I want to tell u that asking for premium on every single step will bring you to uninstall the app ur asking premium for every single step like playing the same music , playing the specifics part of any music and so on u will be uninstalled from many devices if you will not resolve this problem",9.1.78.2218,0,,Spotify
48b030ee-86aa-4237-bca6-4f30b0b27aea,kassandra raidt,2,2026-09-19 12:33:48,free version is insufferable. i listen to 2 songs and get 3-5 ads. that is insane and so annoying,9.1.82.2161,0,"Hi. Thanks for bringing this up. We'll pass this on to our ads team. If you're seeing more ads than usual, can you try a quick reinstall? If that doesn't help, reach out to our Customer Service in support.spotify.com and search ""Contact us"". They'll help you report this.",Spotify
9fdbdde1-df18-4581-a13f-a92986c2922c,K. Sanjeeb Kumar Subudhi,5,2026-09-19 12:33:04,i specially love the general kai song,,1,,Spotify
a906f7bd-1b38-480c-8912-a26bf2abd961,Jasmine Fathima sulthan Jas,1,2026-09-19 12:32:46,This is a very very worst app I ever seen 👎. too much ads and compel me to get premium. I didn't able to skip the ad without get premium. not enough.... Many problems in this app.👎👎🫤,9.1.82.2161,0,,Spotify
de9e86ba-d076-40d0-8ca5-123cd8bb22e7,Varun Gupta,3,2026-09-19 12:30:22,very much add a and repeat the same songs,,0,"Hi. Thanks for sharing this. We hear you and we'll pass this along to the Ads team. If you're looking for an ad-free experience and greater flexibility, consider exploring our Premium options at spotify.com/premium. If you haven't experienced Premium yet, you might be eligible for our trial.",Spotify
491e4ada-a78d-49f7-b316-a316e75dc827,Dhood Khan,5,2026-09-19 12:29:46,geo app,9.1.82.2161,1,,Spotify
ffda9850-e459-4a38-a426-6c6e67acea91,Chris y camila Padilla vasquez,2,2026-09-19 12:28:26,way too much ads. like why is there 5 ads at a time and I hate the limit of skips and switching songs. and they just want us to buy premium😔,9.1.82.2161,0,,Spotify
b910e9d2-f378-4404-948d-e7409d191c50,xoliswa ngubane,4,2026-09-19 12:27:38,good,9.1.82.2161,0,,Spotify
95f5fa0a-a07d-44b9-a940-407193b4def1,Ezenwa Isreal,5,2026-09-19 12:27:34,better than boomplay,9.1.80.2221,1,,Spotify
17e5758d-0129-414e-9267-32f4c7d28b3a,Lakeya N.,1,2026-09-19 12:24:46,"The app is honestly trash. The whole point of Spotify was to get away from radio. Now they monetize people listening to music. Theirs more adds on Spotify than their are listening to the radio. I've used Spotify since 2015 and back then it was what it advertised. I listen to one song now and there's an add or Spotify would add random songs and call it recommended. If I make a Playlist based on what I like and what I think this group of song give, maybe you shouldn't be putting your input.",9.1.80.2221,1,,Spotify
4ec51304-4460-4fd8-a39f-12961dacb7f1,Latisha “Hungry Hiker Hodgepodge” M,2,2026-09-19 12:21:51,This app has gotten to have so many freaking commercials. I'm literally looking for an alternative. I'm over it,9.1.82.2161,0,,Spotify
4e3e3467-3e67-475e-b1ad-34394d8eb339,pinku Madheshiya,5,2026-09-19 12:21:47,best app,9.1.82.2161,1,,Spotify
22e573c6-9c03-44d0-922f-17bea181c03a,Dennis Williams,5,2026-09-19 12:21:38,cool,9.1.82.2161,1,,Spotify
bc1ad996-5bb4-42ed-861f-dd2a85ebe1e8,Aamina Shariff,5,2026-09-19 12:21:28,Spotify listen and music and performances cover,9.1.82.2161,1,,Spotify
e951aa83-e2c8-4e26-932e-a1d52f7cd1e3,Prom Tallang,5,2026-09-19 12:21:11,the best music app,,0,,Spotify
dab21ab1-9764-4921-bf9d-690445c2a834,Kajal Gayakwad,3,2026-09-19 12:20:44,good enough,,0,,Spotify
5bbb796e-72a7-4a2d-bd9f-db6be763e7e4,Vivek Nigam,4,2026-09-19 12:20:22,"no free use ppl can survive, you have to pay",9.1.80.2221,0,,Spotify
3aa03314-7471-4e1a-9955-07ef8e433809,Rupert Erasmus,5,2026-09-19 12:20:09,excellent,9.1.82.2161,0,,Spotify
6d673bd5-9ebc-4c35-b169-6928ff2bf7ab,Peter Edekele,5,2026-09-19 12:19:36,awesome,9.1.82.2161,0,,Spotify
69547051-4682-45c5-878f-fbd4f7026ce6,vampyx 9ine,1,2026-09-19 12:19:21,"maksa bgt buat jadi premium, iklannya gak ngotak",,0,,Spotify
25f0de1b-015a-4d76-bccb-aea53fda8165,Jonathan Milam,5,2026-09-19 12:18:02,app is fantastic if you pay for premium. other than that it would be nice to have a music app without ads that you didn't have to pay for,,0,,Spotify
1076fef3-1722-44c3-b4a1-876e0669b733,Graham,5,2026-09-19 12:16:02,"Simple, user friendly",,0,,Spotify
1bcd9803-d036-4991-8993-474fac3ad544,Mohammed Saqlain,5,2026-09-19 12:12:46,good 👍,9.1.80.2221,0,,Spotify
26ed71d0-8927-45bb-b370-c3bcc3b920e2,Jeremy Nanooch,1,2026-09-19 12:07:23,Spotify was the best when it first came out now there is to many adds and you only get a limit of 6 skips a day and then we are stuck to listening to what comes on.,9.1.76.2055,0,,Spotify
c6676a6e-ee7e-4a30-b377-b584db6f66d7,Rio Kishore,1,2026-09-19 12:05:35,"I genuinely can’t figure out whether Spotify is a music app or an advertising app anymore. 😂 I opened Spotify to listen to music, but somehow I’m getting more ads than actual songs. At this point, the ads have better screen time than the artists. 💀 Maybe the name should be changed from “Spotify – Music & Podcasts” to “Spotify – Ads with Occasional Music.” The music is great, but the amount of ads completely kills the experience. I’m spending more time listening to advertisements than enjoyi",9.1.80.2221,0,,Spotify
076783e9-ded8-42f8-8720-1728d0ff61fa,ROHITASHAW,4,2026-09-19 12:04:55,nice music app,9.1.82.2161,0,,Spotify
408a7876-28b5-4937-a0e4-37ddb0b83941,Tanzia Ahmed Toma,5,2026-09-19 12:00:36,Thanks ! Shuzon + Toma,9.1.82.2161,0,,Spotify
d3917c0d-85e6-4bf4-a969-d11b4952cb82,Javier,4,2026-09-19 12:00:29,music,9.1.82.2161,0,,Spotify
9a6d9c9e-31a4-4fb3-8d38-edcecd665b61,Shaurya,1,2026-09-19 11:59:22,stop sponsoring varca lona,9.1.80.2221,0,,Spotify
dc380224-94fb-4ffe-a97e-8f9f6e9b3422,Kishaan Pillay,4,2026-09-19 11:58:51,"great music app but getting greedy with ads now, it was first 1 ad now 2 after each other, it would be amazing if there was a free feature where you can type your mood in your library and it would js play songs based on your mood",9.1.82.2161,0,,Spotify
7144b8c3-f370-4f8a-b444-08eb8af6fe9e,Sartaj,5,2026-09-19 11:57:58,good app,9.1.82.2161,0,,Spotify
dec505d7-e3db-41e6-8c5a-39e0fb2b1c6c,Musoke Joseph,4,2026-09-19 11:57:46,ads are too much,9.1.80.2221,0,,Spotify
07734812-ab66-4ffc-9bc0-15b4fa0f5c5f,Divyansh Singh,5,2026-09-19 11:52:48,good app,9.1.82.2161,0,,Spotify
ad04fc38-7d05-4a0c-bedd-98df0d0cda76,Majid Farhoodi,5,2026-09-19 11:52:26,Excellent,9.1.82.2161,0,,Spotify
b67370d2-4570-4b0e-85db-c1a113ce0fbd,A Google user,1,2026-09-19 11:52:22,I used to really prefer this app for music. Now it can't suggest music I am remotely interested it. Keeps suggesting the same songs over and over. shuffle doesn't shuffle through the whole Playlist and frankly doesn't play any of the songs I want to listen to. I've had this app for 5 years and seriously thinking of deleting it,9.1.80.2221,1,"Hi. Thanks for bringing this up. You could try a quick reinstall. If you're on Premium, you can toggle the Shuffle option to reshuffle the queue. If that doesn't help, reach out to our Customer Service at support.spotify.com. Just search “Contact Us”.",Spotify
429d036b-48a2-4eaf-8ee8-ea66400f0c74,Bhavesh Sharma,3,2026-09-19 11:51:50,"whenever uploading any song on whatsapp story whybit takes so much time to add music to the story, whatsapp glitch or Spotify glitch not sure, but definitely not my internet's issue",9.1.80.2221,0,"Hi. Thanks for sharing your experience. Have you tried a quick reinstall? If that doesn't help, you can get in touch with our Customer Service by heading to support.spotify.com and searching ""Contact us"".",Spotify
07f978c1-6ccf-483d-b096-ee57fe360149,Ruth Kyusya,5,2026-09-19 11:51:01,good,9.1.82.2161,0,,Spotify
0f992f9e-2141-452b-a295-023e5c0853df,Caleb Poe,5,2026-09-19 11:50:28,loved yalls app. but yall should think bout making it where the bark parental controls app can't like block yalls app.,9.0.62.622,0,,Spotify
e34a0305-eeb3-4874-99d3-b3e8942a8978,Rajveer Roy,5,2026-09-19 11:50:08,nice music app,9.1.82.2161,0,,Spotify
2c8be8cb-27ef-47b4-94d5-5e532c4bcdd4,Lucy Petrosyan,3,2026-09-19 11:49:25,toooo many adds,9.1.82.2161,0,"Hi. Thanks for sharing this. We hear you and we'll pass your feedback along to the Ads team. For an ad-free experience, we'd recommend checking out our Premium plans at spotify.com/premium. If you've never had Premium before, you should be eligible for our trial.",Spotify
cce3e430-be0a-4206-beb2-b9a8d46c963e,bonani ndlovu,5,2026-09-19 11:47:43,"this App is very interesting,lm very very glad",9.1.82.2161,0,,Spotify
aec05c71-dbc8-494a-bb83-abdfc6a030b3,Mk Ejiro,5,2026-09-19 11:47:32,lovely 🌹,9.1.82.2161,0,,Spotify
7ae9386f-5b14-4875-8166-18d8e84be9c8,Diptanshu,1,2026-09-19 11:47:05,Too worst App only Forcefully gives Ads,,0,,Spotify
015c3922-86ac-481c-9bdd-ea353655ae75,Jishnu Prakash,1,2026-09-19 11:46:55,providing more ads,9.1.80.2221,0,"Hey. We hear you and we'll pass your feedback along to the Ads team. For an ad-free experience, we'd recommend checking out our Premium plans at spotify.com/premium. If you've never had Premium before, you should be eligible for our trial.",Spotify
5fec105e-f58d-4a15-bcb7-fa26a563b623,Mahi Verma,5,2026-09-19 11:46:55,very nice,9.1.78.2218,0,,Spotify
1ab0b95d-0059-478b-83dd-bb3cc8a4be82,Akosua Acheampong,5,2026-09-19 11:46:27,love love ❤️,9.1.78.2218,0,,Spotify
7313d3e8-d0d8-4b3d-83c6-439be0482d0a,Vidya Kadam,5,2026-09-19 11:45:45,very good,9.1.78.2218,0,,Spotify
c940922a-639d-49da-a1bd-5b8d12b120e9,Bruder GamingRn,5,2026-09-19 11:45:12,it's so good,9.1.82.2161,0,,Spotify
44a9e753-e09e-4c7b-9018-aba65a897496,Truphosa Ambani,4,2026-09-19 11:44:29,amazing app but pls stop bringing adds i will buy the premuim,9.1.80.2221,0,,Spotify
1e849685-7790-4932-aaae-f4e8bb25b039,MD FAYZUR RAHMAN,1,2026-09-19 11:44:29,itna add kon dikha h bhai 🥀,9.1.80.2221,0,,Spotify
5d504948-c1f7-4e40-9971-ccffa565ee55,Rishab dutta,5,2026-09-19 11:41:21,best music app with best quality song,9.1.82.2161,0,,Spotify
9dc672ed-6719-4bc2-9180-87487a3c48eb,Jeffrey Amoah,4,2026-09-19 11:40:53,Fun,,0,,Spotify
578c39ed-eb54-4c3f-9a3d-699e992b6c0c,Rajasingh,5,2026-09-19 11:40:47,nicéee,9.1.80.2221,0,,Spotify
8b81f0f1-5cb9-493a-aeda-6ccf162e5183,LENNY NAIDOO,5,2026-09-19 11:37:08,best,9.1.80.2221,0,,Spotify
78f17d1f-0ee4-4a1a-b058-d34fbf09d0eb,Emman Parpan,5,2026-09-19 11:36:37,I love it u can hear music,9.1.82.2161,0,,Spotify
f4274e44-b634-4671-a7b3-78b74f05da62,Md Saifalli,5,2026-09-19 11:35:26,nice 👍👍👍,9.1.44.2120,0,,Spotify
c6b20a00-acc9-46b6-83cd-901e19dd5a9e,Rawan Bargoti,2,2026-09-19 11:35:01,used to be amazing but ads are making it very bad it's way too much now company only focusing on money,9.1.82.2161,0,,Spotify
070659cf-6c0a-454b-ae79-e07d13cce8f6,Ram Dev,5,2026-09-19 11:33:40,song 🎶,9.1.64.1676,0,,Spotify
e690301a-663c-4ce1-86f7-7d01e832f040,bouderqa naaima,5,2026-09-19 11:33:32,great,9.1.82.2161,0,,Spotify
ad39a269-51f7-4fe1-b219-9430e055467f,MiChuZz,5,2026-09-19 11:33:01,everything good but ad is too much,,0,,Spotify
1dd57d9d-982d-4ce9-9bd5-5593f79b0df6,Alfredo Rodríguez,5,2026-09-19 11:32:53,Good music all time,9.1.80.2221,0,,Spotify
fa3fabc3-1dde-41a9-8c56-2817c81fcf81,rajeshkumar someshvara,5,2026-09-19 11:30:06,very useful,9.1.82.2161,0,,Spotify
dfe67dd5-5686-4e96-9b36-5b2202370bd4,khathutshelo netshikweta,5,2026-09-19 11:28:59,good experience,9.1.82.2161,0,,Spotify
856136e7-7c18-4aa8-b593-53bf55de0291,Basab Simlandi,5,2026-09-19 11:25:59,very enjoyable app,9.1.82.2161,0,,Spotify
6755ed4f-6b83-4e5c-bf06-541d48278012,aziz khan,1,2026-09-19 11:20:37,kya karun,9.1.80.2221,0,,Spotify
0f92920c-4554-43cf-a97c-f20140a6dcdd,Harman Rajpoot,5,2026-09-19 11:18:43,best app for music,9.1.72.1891,0,,Spotify
a4815b9f-5b60-4308-b41c-9e03b2b1ccba,mathew oalickal,5,2026-09-19 11:18:22,very entresting,9.1.76.2055,0,,Spotify
355a421d-022b-462c-a39d-1586e478d99c,Luke,1,2026-09-19 11:18:20,"Worst music app on the market. Adverts as soon as you load the app (before even doing anything), constant switches and glitches. And cost of ""premium/add free"" is ridiculous.",9.0.90.1229,0,,Spotify
8f61e7ce-86cf-4c18-9006-7d01c1596c32,Pranit Gaikwad,1,2026-09-19 11:16:40,Worst app for music,8.7.90.544,0,,Spotify
9fe477ef-ca82-4f87-8519-5ca2eddf2133,Joshua Kuria,5,2026-09-19 11:15:40,Was great coz at first they said my premium had ended which it hadn't. Went to support and they fixed it for me,9.1.82.2161,0,,Spotify
b2763c15-cfbc-484d-9a12-0276ea1d6c01,Sangee tha,5,2026-09-19 11:15:37,👍,9.1.78.2218,0,,Spotify
05a96b10-f1c2-4478-935c-33bf3045a8d1,Zachery A.,1,2026-09-19 11:15:26,Garbage,9.1.84.2205,0,,Spotify
a769743d-97fb-4531-9d19-5fbd62408ff3,Suraj Jatav,5,2026-09-19 11:12:54,mast hai,9.1.52.1394,0,,Spotify
d46106dc-6060-4ebd-b941-8f62187d7436,Tim Allen (timbuck2),5,2026-09-19 11:11:39,Great app.,5.5.0.16251,0,,Spotify
1dc6b5be-4322-448f-a828-e71a7ff002f3,Shiv Yadav,5,2026-09-19 11:10:39,nice song⚔️👍🌷,9.1.82.2161,1,,Spotify
5bb5dd81-2351-4290-a7ae-74259a398099,Karolyn Preiss,5,2026-09-19 11:10:39,"I enjoy being able to listen to a diverse array of music for free. It is a great way to just tune out and get to work, enjoying yourself while you do it. I also appreciate that the app has the lyrics scrolling along with the song. I enjoy doing the karaoke while exercising, and that has helped me recognize more hispanic words listening to latinx music. It's actyally a great learning tool. Also liking my short-story podcasts. Spotify is great! The commercials may be a bit much, but I can buy in.",9.0.12.567,0,,Spotify
3810368b-496c-4742-aedc-1a38b1026f47,Joe Anthony Rivera,5,2026-09-19 11:10:21,I love hearing music.,9.1.82.2161,0,,Spotify
1b480617-5ea9-4366-8a08-b09dd22d0391,Rajni Kapoor,5,2026-09-19 11:10:16,Best app for song they give me free prenium every week,,0,,Spotify
5e4eb160-dd27-46aa-8c4e-fdccf8fc7aae,Krista Fiering,4,2026-09-19 11:09:37,app has become so incredibly slow as of Q2 2026,9.1.82.2161,0,"Hi. Thanks for sharing this with us. For the app's behavior, you can try a quick reinstall. If that doesn't help, we'd recommend reaching out to our Customer Service at support.spotify.com. Just search ""Contact Us"", and they'll be happy to help.",Spotify
14ef7c85-94b3-4d03-abb5-b8cbd02e3e6e,Santana Bakuli,5,2026-09-19 11:05:54,best app,9.1.82.2161,0,,Spotify
1392d5bf-fac2-4d80-a7cc-9ddb6c149429,Aditya Choudhary,4,2026-09-19 11:04:08,"so , the app is good by my side I think that there should be some changes like the adds are too much long , that disturbs in between a song, and other wise it is very easy to use and good 👍😊",9.1.82.2161,1,,Spotify
f20e2e94-45ab-446c-b7b5-c9eb95677d49,Harshit Sah,5,2026-09-19 11:00:41,Excellent but telling me to get primium,9.1.82.2161,0,,Spotify
0d6cff58-806c-4dde-ade0-ddfb637723b2,Surya Dharshini M,5,2026-09-19 11:00:23,Sometimes it is useful for listening ad free musics and podcasts,9.1.78.2218,0,,Spotify
70a61d47-3ee9-4a5f-bd93-6782021f73cf,Mohammed Murtuza,5,2026-09-19 10:59:21,good 👍,9.1.78.2218,0,,Spotify
101c4238-91f8-467d-90ef-9c227a797b14,Jenny Hack,1,2026-09-19 10:58:23,constantly crashes,9.1.82.2161,0,"Hi. Thanks for sharing your experience. Have you tried a quick reinstall? If that doesn't help, you can get in touch with our Customer Service by heading to support.spotify.com and searching ""Contact us"".",Spotify
a324ca89-ebad-489c-bad0-4aed857ea8dc,Shayne Lowe,4,2026-09-19 10:58:01,it's good and I pay for a subscription for the most part but I forgot to pay it a couple days ago and realised they don't treat new people as good as they did back in 2023,9.1.82.2161,0,"Hi. Thanks for bringing this up. We're open to feedback, and we'd love to get some more info about this. If you have the time, give our Customer Service a shout. You can find them by heading to support.spotify.com and searching ""Contact us"".",Spotify
f30d70c6-d519-4c5d-a628-9014a86272b4,Morweshi,5,2026-09-19 10:56:39,w app,9.1.80.2221,0,,Spotify
67f5d9b1-80e8-4725-b84b-4525fbd6a0b1,Tanya Mehrotra,1,2026-09-19 10:54:12,that's the worst music app I ever use..if you want to repeat 🔁 a song again.. it say buy premium..if you want to skip the song it give you only 6 skip after that you can't skip...if you want then purchase premium... and the icing on the cake is that it also give ads..and if you don't want then purchase premium...what the hell...the give so many restriction...i even feel like I am not independent to play a song again..think that.. is it fair to provide too many restrictions.. so disappointed 😞,9.1.82.2161,0,,Spotify
3e0ef18a-aa5d-4a56-9de3-334afd58d691,Ali Ahsan mari,1,2026-09-19 10:53:38,alot of ads,,0,"Hey. We hear you and we'll pass your feedback along to the Ads team. For an ad-free experience, we'd recommend checking out our Premium plans at spotify.com/premium. If you've never had Premium before, you should be eligible for our trial.",Spotify
3c5cd9b3-d249-42c5-89cd-2d3c7d3a0bf6,VA- 36- Pratyushman Giri,5,2026-09-19 10:50:01,voice,9.1.82.2161,0,,Spotify
e8c981e4-7cea-42ce-8d97-6b67600260cc,Mohamed Saber,5,2026-09-19 10:49:27,You can skip 6 times per hour what a joke,9.1.76.2055,0,,Spotify
3078c168-d990-45a9-bb0d-99c8ac9339f2,Sasmita Sahoo,5,2026-09-19 10:48:57,it's ok but I don't have money to pay for the preaim,9.1.82.2161,0,,Spotify
db855d45-686c-4409-b38e-5e8d1981d25c,SUNNY ABRAHAM P C,5,2026-09-19 10:46:17,wonderful experience,,0,,Spotify
b4eebc88-1db3-4dec-8384-1f240dd98319,Noor,5,2026-09-19 10:46:09,𝐈 𝐥𝐨𝐯𝐞 𝐭𝐡𝐢𝐬 𝐚𝐩𝐩 𝐣𝐮𝐬𝐭 𝐛𝐜𝐳 𝐍𝐅𝐀𝐊,9.1.82.2161,0,,Spotify
8233d75b-c42f-4470-b4f4-50b2679fd443,Gaylin Pickens,5,2026-09-19 10:46:08,Spotify has always been a great app,9.1.82.2161,0,,Spotify
bdb93093-bce5-4160-a9e4-41221ff40618,Eric Wilson,4,2026-09-19 10:45:06,"I like the Spotify service, and their app works pretty well, but has some confusing right edges that sometimes make it hard to find podcast channels I like or to cleanly manage the play queue. I wish they'd fix those, but otherwise it's a great tool!",9.1.82.2161,0,,Spotify
d70198bc-6a47-4559-b54c-bb9135992c28,RAJAN PAULOSE,3,2026-09-19 10:44:23,after we listen too much so much song they will just like cut our free song selection mode and tell you that you want to take premium to select and watch your on with money I don't like this come on tomorrow,9.1.80.2221,0,,Spotify
9fc6dbe2-a847-425d-9b12-e4bb11fa067a,Monica,4,2026-09-19 10:40:44,the music is good some times there are ads but most of the time it's good,9.1.82.2161,0,"Hey. We appreciate your feedback. For an ad-free experience, we'd recommend checking out our Premium plans at spotify.com/premium. If you've never had Premium before, you should be eligible for our trial.",Spotify
26ecb333-65ee-40f9-a87c-fffd1928d4d9,Shiny,1,2026-09-19 10:39:58,bugged so bad,9.1.80.2221,1,,Spotify
dcde6d77-8510-4cb9-a7f9-02e6f9aafbbf,Parag Burman,4,2026-09-19 10:37:36,"Some famous popular songs not available... E. G., Walk on water by Ozzy Osbourne.",9.1.80.2221,1,"Hi. We appreciate your feedback. Although we'd love to have all of the world's music on Spotify, our catalog depends on permissions from rights holders, and can differ between countries. We recommend checking out our Support Site at support.spotify.com. Just search for ""Missing music or podcasts"".",Spotify
5db3a400-0dbb-4fb7-a533-4f6f9ab69071,VENKATA KIRUSHNAN Y,1,2026-09-19 10:37:09,not able to play any song of my wish not even 1 time a day,9.1.82.2161,0,,Spotify
487242df-87c8-4884-8c1f-26edadb92ce3,yogendra rajput,5,2026-09-19 10:34:14,"you know , this app is a Neeeeeeddd",9.1.82.2161,1,,Spotify
10ffa9f7-5024-4f7d-8c7c-2a34187e37af,Abhinav,1,2026-09-19 10:32:02,Just ads.,,1,"Hey! We hear you and we'll pass your feedback along to the Ads team. For an ad-free experience, we'd recommend checking out our Premium plans at spotify.com/premium. If you've never had Premium before, you should be eligible for our trial.",Spotify
eb861151-08a3-4da0-be19-ebcce771b51e,Mohamed Anas,1,2026-09-19 10:30:56,pee app da idhu...🍌💩,9.1.80.2221,1,,Spotify
f6108ed2-eac5-4c3f-867d-3b88a74acdee,Savi Kumawat,5,2026-09-19 10:30:09,very nice experience,9.1.78.2218,1,,Spotify
cfa96b9c-062a-4ee8-8221-91850178ebf6,Chavda Baldev,5,2026-09-19 10:29:21,Easy Process 😊,,1,,Spotify
ddf259f0-250c-4d7f-a041-080e3bcd77ed,Shweta Jaiswal,5,2026-09-19 10:28:17,best app,9.1.82.2161,1,,Spotify
8d017ff9-573f-4508-80d7-195081dceeea,Laxmi Gorain,5,2026-09-19 10:26:58,Bast app,9.1.42.2058,1,,Spotify
9b73768b-67eb-4339-92d7-bd8b1807d519,Michal Mantooth,5,2026-09-19 10:23:06,love the selections you have.,9.1.64.1676,1,,Spotify
352ad79d-fe92-4367-a2ad-113fea3a632b,Ajay Raj,5,2026-09-19 10:22:54,good,,1,,Spotify
f115483b-8386-4955-a28a-208934849dd9,Neelo Ahmed,5,2026-09-19 10:22:48,this is not good app but a very good app amazing 👏,9.1.78.2218,1,,Spotify
f856bed5-2e9a-412e-9ead-995b243ce65f,Greg Muse,5,2026-09-19 10:19:16,"easy to use, full of choices. large selection",9.1.82.2161,1,,Spotify
9dbe3e6b-cafa-4f8e-8900-8ef9367e51a0,Esther Salim,5,2026-09-19 10:13:13,10/10🫠🤏🏽💯,9.1.78.2218,1,,Spotify
324e402d-454c-4e05-9d64-83732e673cea,Bob Marley,5,2026-09-19 10:11:06,good,9.1.82.2161,1,,Spotify
2fcd32f8-4828-4234-9833-ae76bd0ce216,Kevin 67,5,2026-09-19 10:09:23,This helps me stay chill when I need to listen to something if I'm not feeling the mood.,9.1.82.2161,1,,Spotify
f0658b50-d086-41dc-9c18-693126fd1bdf,Manash Kumura,5,2026-09-19 10:09:19,goot,9.1.80.2221,1,,Spotify
91e06271-4d79-4262-8c8c-f580191b08f0,Richard Nealon,1,2026-09-19 10:08:53,awful. No ability to connect to Innuos device on my network. Spotify Connect not working.,9.1.82.2161,1,"Hi. We really appreciate you sharing this. There are steps that can help you with this on support.spotify.com. Just search ""Spotify Connect"". If these don't work, we recommend reaching out to our Customer Service by searching ""Contact Us"" on the same site.",Spotify
a8632058-574d-4a07-9ade-64ba1e0c3de2,Rishona Pais,2,2026-09-19 10:07:04,too many ads,9.1.82.2161,0,"Hi. Thanks for sharing this. We hear you and we'll pass this along to the Ads team. If you're looking for ad-free experience, consider exploring our Premium options at spotify.com/premium. If you haven't experienced Premium yet, you might be eligible for our trial.",Spotify
2e306cc1-9f71-4236-9758-26c52aba1d77,stan gualtieri,3,2026-09-19 10:06:51,3000 songs and shuffle plays the same 40 songs over and over,9.1.82.2161,0,"Hi. Thanks for bringing this up. You could try a quick reinstall. If you're on Premium, you can toggle the Shuffle option to reshuffle the queue. If that doesn't help, reach out to our Customer Service at support.spotify.com. Just search “Contact Us”.",Spotify
b9763de8-5db4-412c-8bea-e89fc128f908,Meme Alkemist,1,2026-09-19 10:05:22,"Even with a premium sub, I had to manually switch 28 (!) toggles to stop the notification spam with unsolicited merchandise offers & ticket sales. . Canceling sub and going old school, devs have lost touch with reality...",,1,,Spotify
5dc5420d-6fce-4ebd-8492-572b82f8a15b,Dusten,5,2026-09-19 10:04:20,Much better than YouTube red and you can share with your friends and family. Awesome app!,9.1.78.2218,1,,Spotify
41f4e651-931c-4b83-993e-36957f214af7,SANJAY JADHAV,5,2026-09-19 10:01:38,excellent,9.1.78.2218,1,,Spotify
ccfc2345-84dc-4008-a192-dbd72fe9ffea,Kishan Isarva,5,2026-09-19 10:01:24,best app,9.1.82.2161,1,,Spotify
6cefb58f-9c14-49d7-a361-0ee2e3249ff3,Bonang Sekgobela,5,2026-09-19 09:59:17,Amazing app 🔥😭,9.1.78.2218,1,,Spotify
6b89c2b4-2598-4377-9996-bcc3f48304d3,Levis Peter,5,2026-09-19 09:58:26,Use this application safely,9.1.82.2161,1,,Spotify
23153710-b382-48c2-b8f6-5d4e020ff6f5,Aishath Ayra,5,2026-09-19 09:58:08,best bazmallah,,1,,Spotify
25d216a2-98e8-4424-9c95-0da5340dec6c,Landon Cantrell,4,2026-09-19 09:58:03,wish it recommended songs more so according to lyrics instead of melody but good overall,,1,,Spotify
52479285-c50c-43d9-a77e-76c600bd4f95,Herry Leiman,5,2026-09-19 09:57:38,a clear music very nice to be enjoyed.,9.1.82.2161,1,,Spotify
a657bcc4-28b3-4962-b1a3-03bef8849319,Kumar Satyam,5,2026-09-19 09:55:47,best app for song,,0,,Spotify
ca858af9-f2c2-4117-91bd-99cf91994b65,Kajal Kumari,5,2026-09-19 09:54:39,GOLU,9.1.44.2120,0,,Spotify
648513f0-24bf-4661-a77b-8b5348ddfbc1,AMIT Singh,5,2026-09-19 09:51:23,very good app and service,9.1.82.2161,0,,Spotify
93d553eb-0078-4028-b082-18e85fd6a850,sophia raj,5,2026-09-19 09:50:18,heart warming,9.1.82.2161,0,,Spotify
3b944141-26b2-43b4-932e-96deaa470f01,Tushar Chand (48),1,2026-09-19 09:49:36,too many ads and can't play desire song,9.1.80.2221,0,"Hey. Thanks for your feedback. For an ad-free experience and full control, we'd recommend checking out our Premium plans at spotify.com/premium. If you've never had Premium before, you should be eligible for our trial.",Spotify
07b6fe64-3e75-47ed-857b-f5255607302e,Dhan Nath,5,2026-09-19 09:47:05,good 😊,,0,,Spotify
a7511f9b-b34c-4b65-a02f-2bc9b31212a9,Ta'Shaun Boswell,3,2026-09-19 09:46:40,"I enjoy using Spotify for all my music but I wish there weren't as many features locked behind premium paywall, I can't see the music videos, and can't even download my music and play whatever I want like I can with Amazon, maybe they could release a few of the restrictions?",9.0.48.380,0,,Spotify
4762b351-81e1-4621-ac59-44c43d01901e,Ajay Patel,5,2026-09-19 09:45:55,very good,9.1.82.2161,0,,Spotify
aebce614-5d4a-4c30-af85-ca8fdaa61002,Corey Thompson,2,2026-09-19 09:45:26,WAITING P889P⁰0 VERT,9.1.82.2161,0,,Spotify
46cabef8-66d8-4602-a103-d454808eff76,Alaina Adiba,5,2026-09-19 09:45:18,very nice,,0,,Spotify
c2bb30c2-ed28-463e-a4e0-1c9900d30a28,Radha Kushe,5,2026-09-19 09:42:05,i love Spotify,9.1.80.2221,0,,Spotify
ca3a2515-eca0-4da5-a38a-9503cb8d3a6f,Jeekens Eliacin,5,2026-09-19 09:41:00,Excellent,9.1.82.2161,0,,Spotify
c38d6f19-fefc-443e-a890-9eb35600471d,Kajal Sagar,5,2026-09-19 09:40:10,best app,9.1.82.2161,0,,Spotify
16d9f935-4d69-4128-8ca1-1c91831404b2,Nezuko Chan,5,2026-09-19 09:40:08,OMG IT WAS LIKE HEY LETS GO TO THIS APP IM LIKE NAHHH SPOTIFY,9.1.82.2161,0,,Spotify
104eae33-d23e-4b99-8de6-45d09a311f65,l30T,2,2026-09-19 09:38:50,this app used to be good but now I can't stop getting an add after one song every time,9.1.82.2161,0,,Spotify
be0febdc-9212-4ae3-9a06-3980e52a605f,Alemitu Hayile,5,2026-09-19 09:38:28,ሽውዝዕዝዕይ ብቭብቅብውትቭዥይኗቭቭኅዝቭው,9.0.56.591,0,,Spotify
09287109-38d9-4120-85f4-42ddc75baa5b,Kanchan Sharma,5,2026-09-19 09:38:02,greatest app ever I guess I have ever used,9.1.80.2221,0,,Spotify
6a93c4ed-e2b3-4cff-b04e-dc5ccdb4fc99,Rohit Kumar,1,2026-09-19 09:37:09,they stop unlimited skips very bad 👎👎👎👎👎,8.7.78.373,0,,Spotify
f7c0bb7f-f37f-476b-9fdf-09e83191aad8,Santhanam Eswaran,5,2026-09-19 09:36:50,I love Spotify. It's really an amazing app✨🫶🏻,9.1.78.2218,0,,Spotify
3ccf4e1a-da0c-403e-b890-c6edbde72ccc,Dinesh Kumar,2,2026-09-19 09:36:37,seema r sari e zeest. free irruka da zeest wese,9.1.80.2221,0,,Spotify
964cd55d-0d16-48a7-b178-7d995de105d4,Morwa Mokgothu,5,2026-09-19 09:36:23,It is user friendly.O love the App,9.1.80.2221,0,,Spotify
2a98b74b-ff91-4eb8-86c4-a35cac811845,Karter Perkins,5,2026-09-19 09:32:09,i like it,9.1.76.2055,0,,Spotify
5069cc6f-fb25-456e-82b3-705780996ffb,Andrew Hamilton,5,2026-09-19 09:31:24,"Great app im a bit off an oldie and I can listen to just about any old tunes I like which you just can find nowadays but you can find it on Spotify whether it's film themes or just golden oldies to bring back memories oh and I am 65 BTW,thanks Spotify for the music.",9.1.82.2161,0,,Spotify
2a397e42-3feb-4ef1-80f4-92b5f49d27c2,Faizal Khan,1,2026-09-19 09:30:57,bakwaas,9.1.82.2161,0,,Spotify
d2ff04bc-3e9b-4624-9b9e-5cf874eef9ca,Mariyam Een,5,2026-09-19 09:30:03,the best app ☝️🤩,9.1.82.2161,0,,Spotify
44300f40-fa8d-4f02-9cf5-65fb73700239,Allysa Aquino,5,2026-09-19 09:29:23,wow,9.1.80.2221,0,,Spotify
d82b013a-a070-4895-93a6-a4efb04551f0,Mitchell Edwin,1,2026-09-19 09:28:58,Love having AI slop pushed on me I just love it. What other seedy things are you doing?,9.1.82.2161,0,,Spotify
000d4602-5f80-443c-84ea-60ea3a842a91,Medha Chathurika,5,2026-09-19 09:28:40,its verry cool app.. ❤️,9.1.80.2221,0,,Spotify
faebc1ef-63f5-4e6e-bdaa-c5a36f66ac1d,NAVEEN KUMAR,1,2026-09-19 09:27:33,ads ads,9.1.82.2161,0,,Spotify
d14f85fe-40f2-440a-b6c8-7aa0985ee505,Rajvinder Singh,5,2026-09-19 09:26:31,very good app,9.1.82.2161,0,,Spotify
74afe6e3-5fbc-403b-9aca-e9c9c63f09a1,PVC IS MY HUSBAND,2,2026-09-19 09:24:35,"Honestly, It's a good app and all but it's just that. I can only skip 6 times each hour, make it at least 10 or 12, because I am NOT waiting a whole hour just to skip songs. Also with the picking freely, [Picking song's freely] WHY AM I WAITING A WHOLE ENTIRE DAY JUST TO PICK MY SONGS FREELY!? Premium just feels like a waste. It cost too damn much for a month [OPINION btw] I'd just give it a 2.5/ 5 stars. BC Ain't no way am I paying 12 dollars especially in this economy. 4-5 Ads after 3 songs...",,0,,Spotify
3fa4b89d-301e-408e-b475-f2f0c1a9bccc,Chitransh kumar sinha,5,2026-09-19 09:24:03,💫✨️👌,9.1.82.2161,0,,Spotify
57dc363f-d0eb-4d3c-bc7a-3c30e6ff1e75,luz stella,5,2026-09-19 09:23:43,I love to used Spotify because it's very easy and fun 🙏🙏🙏💕,9.1.78.2218,0,,Spotify
fd51f07a-94d0-46e5-9942-8d91eb163449,Reyaz Ganie,5,2026-09-19 09:23:26,allah u akbar,9.1.82.2161,0,,Spotify
40a1b18f-8149-4101-b9be-df3cec9d4aec,Adrian Carballo,1,2026-09-19 09:22:57,mejoren esa madre. aunque tenga el premium no me deja escuchar nada en offline.,9.1.82.2161,0,"Hola. Gracias por mencionar esto. Si todavía tienes Premium, deberías poder disfrutar de mayor flexibilidad en tus canciones. ¿Has intentado cerrar sesión y volver a iniciar sesión en tu cuenta Premium? Si eso no funciona, contacta a nuestro Servicio de Atención al Cliente en support.spotify.com. Simplemente busca “Contactar”.",Spotify
87d90c10-88a4-4c4f-b1a3-fdd0dd47c3da,Chris Bowers,3,2026-09-19 09:22:26,"The UI is too cluttered. Why do we keep squishing things smaller on the now playing screen to fit more info or features I don't want to see? If I toggle music videos off in settings, why is the button still taking up valuable space on the player screen? Why is it an endless scroll to the bottom of the now playing screen? Can you just add stuff behind the 3 dot menu or something? There's so much going on with concert info and AI summaries, and I just wanna listen to music.",9.1.82.2161,49,,Spotify
90b75ed1-2e11-4260-8666-850e41ec8a3a,Tushar Prasad,5,2026-09-19 09:22:12,"This app plays music well and is very good, so I gave it a 5 rating And any song can be saved in this app so that it can be listened to later if there is no money on the phone. I really like this song.",9.1.82.2161,0,,Spotify
0a4066c5-9501-4547-8d84-9cff34e3c695,Sagar Kumar,5,2026-09-19 09:22:00,nice,9.1.72.1891,0,,Spotify
47ff7683-1fdd-4e0e-916e-311aa3cc39f8,Ramakrishna Chataraboina,5,2026-09-19 09:21:29,Awesome,9.1.80.2221,0,,Spotify
52cc8918-6797-45c9-80df-173b7c19837f,Sameena Ansar,5,2026-09-19 09:20:35,tu ta very good app and their is good experience also 5/5,,0,,Spotify
ff70a8fb-0be7-4169-9b1a-b43936105ad1,Hubdar Ali,5,2026-09-19 09:20:10,That experience so the crazy but ads are disturbing to listening song remove ads please Spotify thanks for who make this app goodbye spotify.,,0,,Spotify
5a22ee1b-aa67-4c86-9d16-12ead6d4481f,neelam kanwar,5,2026-09-19 09:20:00,ɪᴛ ɪꜱ ᴀɴ ꜱᴏ ɢᴏᴏᴅ ᴀᴀᴩᴩᴩ ꜰᴏ ᴍᴇ ᴏɴ ᴛʜɪꜱ ɪ ᴄᴀɴ ʟɪꜱᴛᴇɴ ᴍʏ ꜰᴀᴠᴏᴜʀɪᴛᴇ ꜱᴏɴɢꜱ ᴀɴᴅ ᴏᴛʜᴇʀ.... ᴍʏ ʙᴇꜱᴛ ᴀᴀᴩ ɪɴ ᴍʏ ᴍᴏʙɪʟᴇ ᴩʜᴏɴᴇ ɪꜱ ᴛʜɪꜱ ᴏɴʟʏ................................... 😍. 😍.. 😍. 😍. 😍. 😍. 😍😍.. 😍😍👍👍👍👍👍👍👍👍👍👍👍👍👍👍👍👍👍👍👍👍👍👍👍👍👍👍👍👍👍👍👍👍👍👍👍👍👍👍👍👍👍👍👍👍👍👍👍👍👍👍👍👍👍👍👍👍👍👍👍👍👍👍👍👍👍👍👍👍👍👍👍👍👍👍👍👍👍👍👍👍👍👍👍😍👍😍😍👍😍👍ʏ😍👍😍😍👍😍👍😍👍😍👍😍👍😍👍😍👍👍😍👍😍,9.1.82.2161,0,,Spotify
96134475-8253-44e3-a294-3b7c6dc66a9d,Riya Oraon,5,2026-09-19 09:18:58,best song,9.1.82.2161,0,,Spotify
262dee17-da98-485a-bb53-68163484daa9,Moshood Fathia,4,2026-09-19 09:17:30,it has nice music 🎶,9.1.76.2055,0,,Spotify
ac14d463-0863-4b77-9dfb-0f856b74c8c7,Aiden R,5,2026-09-19 09:16:46,Great for me while in school,9.1.80.2221,0,,Spotify
a1cf45a9-aaa1-45a8-98c4-caf996547d70,mohit kumar,5,2026-09-19 09:16:33,Really get all good music .,,0,,Spotify
4de580b5-4703-4b7f-ab97-fd29fe064c3b,Shajla ansill,5,2026-09-19 09:14:44,i love it spotify,,0,,Spotify
f361adb3-881d-423a-a98d-6ed12b891248,Charles Manter,1,2026-09-19 09:13:13,keeps installing on my phone with every update like I'm not an adult that can pick my music app. gtfo with this garbage.,,0,,Spotify
05cdd5f7-8bee-41c1-beb9-68f035004aa5,Surya Hanuman,4,2026-09-19 09:12:01,I love Spotify ❤️ best music recommend and best experience but ads is irritate 🙄,9.1.80.2221,0,"Hi. Thanks for sharing this. We hear you and we'll pass your feedback along to the Ads team. For an ad-free experience, we'd recommend checking out our Premium plans at spotify.com/premium. If you've never had Premium before, you should be eligible for our trial.",Spotify
6d5e3f28-381b-49d5-a993-69603cf5504d,Brayo Major,4,2026-09-19 09:11:29,its .y favourite,9.1.80.2221,0,,Spotify
2d5ae226-f859-471c-b754-9265ac0bcbbf,Yamkela Mti,5,2026-09-19 09:11:28,Great app,9.1.80.2221,0,,Spotify
4f44f7ce-849a-434d-ba20-6f16be415402,roy samuel,5,2026-09-19 09:11:11,עפתי על הרעיון ⁦⁦(. ❛ ᴗ ❛.)⁩,9.1.82.2161,0,,Spotify
21edb95c-ae9f-4265-a3d6-6e2015045d76,Siddharth Shankar,5,2026-09-19 09:09:30,Good,,0,,Spotify
a319a664-e7df-41df-b41f-a6c1fcfde122,D Mancine,5,2026-09-19 09:07:54,Helping,9.1.82.2161,0,,Spotify
c96ec2cd-af4e-4016-8c97-aef9dd0e54f1,Nitu biswa,5,2026-09-19 09:07:53,their are many songs i like ❤️🫶🏻 try this app,,0,,Spotify
a19324d2-ffa9-433d-8b3d-2825fbb2095e,Norjannah Asum,1,2026-09-19 09:07:19,"—edited it; a bug recently, when i play a song, it disappears;( idk if its only me or other more has it, but i rlly kept going back to play the song again:C 19/08/26, so I haven't been able to use Spotify because it keeps doing this bs, I open the app, it takes few minutes to show me that I CANT play music cus turns out Im OFFLINE when my wifi bars isn't missing a bar, this happens so much i cant play a single thing, im deleting it ATP.",9.1.80.2221,0,"Hi there. We understand your concern regarding the app. Have you tried a quick reinstall? If that doesn't help, we'd recommend reaching out to our Customer Service at support.spotify.com. Just search “Contact Us”, and they'll be happy to help.",Spotify
1ebadc98-f805-48d3-875d-7bb0fd911804,Monoj Biswas,5,2026-09-19 09:06:52,good,9.1.82.2161,0,,Spotify
9b975bde-165b-448a-bb8d-627deb8e2189,Eduardo Salvador Modesto,5,2026-09-19 09:05:46,sabado de septiembre 19 2026 casa,,0,,Spotify
863357eb-b9c9-4144-9b9f-2412007ac545,Sophia Pittman,4,2026-09-19 09:05:21,I REALLY love this app. I hated the ads SO SO much but I finally bought the premium and LOVE,9.1.82.2160,0,,Spotify
8b8fabda-bda5-492a-86b2-7b72a9006d13,Man Singh,5,2026-09-19 09:05:08,nice app,9.1.82.2161,0,,Spotify
47f1597f-74d6-4a66-9e72-ae76ee923b92,Snecat Crash,5,2026-09-19 09:03:59,wonderful 😊,,0,,Spotify
498251e8-3925-416c-96c2-8cbc33fb57c6,Sreenath R,4,2026-09-19 09:02:37,include local ads too like based on location. like if I am travelling i get the old radio vibes. No need to switch between stations. 👍,9.1.80.2221,0,,Spotify
6e7756a2-a8bc-457d-b020-3bf877c1c75c,Glendy Rose Lofranco,2,2026-09-19 09:00:15,"It was really fun at first then, after the updates, it got really annoying... Especially the limited song choices and song skips, and I noticed that every 2-3 songs played, 1-2 ads would come up its really annoying... I recommend MixTube instead because it can download offline but contains alot of ads.",9.1.80.2221,0,,Spotify
5c01e27d-5741-4ac4-8dad-5c14187551dc,Aayat Ali,5,2026-09-19 08:59:42,it so crazy,,0,,Spotify
2fc643fc-df2a-4c91-8de6-e36fbce752a4,Anjali Joshi,5,2026-09-19 08:59:32,everything went well... and definitely better than YouTube music,9.1.84.2205,0,,Spotify
e26b643a-7ca8-4f00-be8f-90b93afd55e7,Prabhnoor Singh,1,2026-09-19 08:56:53,it's noise is toooooo much😂😂,9.1.80.2221,0,,Spotify
45429816-8c9c-45cc-aa4c-b7e6f194fdf0,Logan Wright,5,2026-09-19 08:56:48,best app,9.1.82.2161,0,,Spotify
f3727f67-8a2c-4a62-81cf-e8aafdd74ac6,Adriel Nyamupfukudza,4,2026-09-19 08:56:41,If u have premium it's a 5 if u don't it's a 1.,9.1.80.2221,0,,Spotify
6874ce4c-db3d-43f7-ad9d-d0538c3f8405,Harrison Moore,5,2026-09-19 08:55:57,This update was trash. please go back to alphabetical order when I sort my playlist by artist. so confused why you would change that. and why cant we search in our playlists now. it's almost like spotify is trying to piss me off right now,9.1.82.2161,1,,Spotify
4c367bca-c3c8-4ad6-ad70-f44819865b1d,Erick Sorto,5,2026-09-19 08:54:54,I can search up my favorite music by writing some the lyrics:),,0,,Spotify
871163f8-6edb-4fbe-89c9-bd0311df7c0c,Pradipta kumar Dash,5,2026-09-19 08:54:04,I love this app,,0,,Spotify
165d52fa-7d11-40f1-9aec-aa54c47320f1,Moni Ghosh,4,2026-09-19 08:52:05,it is good but it is not,9.1.82.2161,0,,Spotify
aa99c0b6-7f86-4939-a6ba-5d9aaaa04a6e,Anjali Kafle,5,2026-09-19 08:51:45,it is so good for song and your tendent,9.1.82.2161,0,,Spotify
287bd9bf-e53f-4b42-a19c-ef139ef05599,CHICHEBEM OKPULOR,5,2026-09-19 08:51:06,awesome,9.1.64.1676,0,,Spotify
29d3f88f-d4af-483b-900c-c74f8fc0b520,Roberto Coronel Puentes,5,2026-09-19 08:49:11,my Spotify Playlist is life!,9.1.80.2221,0,,Spotify
d634a5be-0376-4765-8b5d-8fda791c0c99,marcos de la cruz,5,2026-09-19 08:44:53,excellent more than 5 years here no better app for music,,0,,Spotify
442c4fbd-8849-486b-9360-7a5b7e9edff6,Amahle Mafa,5,2026-09-19 08:44:35,amazing experience 😁,9.1.82.2161,0,,Spotify
c920522e-1034-4c17-b164-93d2f81e2169,Chilamkurthi Sreelaxmi,5,2026-09-19 08:39:15,okay now.... ...... !??????????????,9.1.82.2161,0,,Spotify
f744ec95-526a-43d9-a3b8-cfbd3aa4b215,Rishabh Dubey,5,2026-09-19 08:39:01,Very good app I can listen any song without any add,9.1.82.2161,0,,Spotify
0ca45ec6-8b37-4343-9ff0-0c7b2a3efbde,RAJ KUMARI,5,2026-09-19 08:37:04,excellent!,9.1.78.2218,0,,Spotify
f3061b20-0a02-4ee3-b7cd-69ee3a2884e3,Ian Reed,1,2026-09-19 08:36:44,"same old story. New release, new bugs. Nearly every time I update this app I regret it. The latest bug feature is that it won't connect to Alexa devices AGAIN!!. Given the huge price hikes, I expect better. MUCH BETTER!",9.1.80.2221,4,"Hi! We’re sorry to hear this and thanks for letting us know. We’d like to investigate further. If you have time, could you reach out to our Customer Support team again with a screenshot of your review and our reply? You can find them on X and Facebook (@SpotifyCares), or via live messaging at https://support.spotify.com/contact-spotify-anonymous/.",Spotify
f8f54414-1bce-4d50-a6f7-e9103706f8a8,Nihal Akhter,5,2026-09-19 08:36:26,music are good and sound quality also good one time you will on song then again again music are playing,9.1.68.1888,0,,Spotify
366e30fe-24f4-410b-92c3-88ef49e8290a,Chris MacDonald,5,2026-09-19 08:36:21,never had an issue listen about 10hrs every day,9.1.82.2161,0,,Spotify
97d23620-24b3-4de6-a6e5-0a75aeb41b91,mahdi shwdapor,1,2026-09-19 08:35:45,bad,9.1.82.2161,0,,Spotify
e2462730-55d3-4473-b977-b4b9f6fe629f,Joseph In co-operation,5,2026-09-19 08:35:30,it gives me the best 👍,9.1.80.2221,0,,Spotify
6e33367b-a4f1-48c3-8abf-e351d7dfca6f,african rhymes,5,2026-09-19 08:35:02,I just love it is the best app in the whole world,9.1.80.2221,0,,Spotify
88e48ed1-613b-4a95-9666-771429e70d9c,Alberta Boycan,5,2026-09-19 08:33:58,Good. gospel. music,9.1.78.2218,0,,Spotify
bbe1142c-1da5-40b3-b1dd-7a6943c63060,Sr Ronaldo,5,2026-09-19 08:32:30,All my favourites in one place.,9.1.82.2161,0,,Spotify
4eaae87d-2fae-42af-8d6c-e832cd6216b5,Michelle Alexander,1,2026-09-19 08:31:24,plays playlist instead of song pmo type shi frfr,,0,,Spotify
4aa9fc56-ff46-434f-9f17-901ea1e5805e,Mthunzi Mnqobi,5,2026-09-19 08:30:58,I love it,9.1.80.2221,0,,Spotify
9ef6a4f6-c2d8-4957-a27e-7089afb0efb5,Shyam Ji,5,2026-09-19 08:30:36,nice app,9.1.82.2161,0,,Spotify
d8b5f8b5-a326-4bd5-aa62-cdac5fef0600,Rupam Das,5,2026-09-19 08:27:49,Very Nice App,9.1.84.2205,0,,Spotify
4d7abdc7-a6f3-4dd5-b2e9-551b51a372a7,Akashatha Jain,5,2026-09-19 08:27:46,I like it is fast responsible and it's my favourite app,9.1.82.2161,0,,Spotify
447a87b1-9277-422b-b17e-5a68b2c32fb9,Ragvender Singh,5,2026-09-19 08:26:07,This is very good app for songs🤭,,0,,Spotify
2b7262b2-14b2-431b-b27d-2b04f368222c,Monika,4,2026-09-19 08:25:47,It's too good. But because of adds this is ok for me. Thank you for working on my complaint.,9.1.80.2221,0,"Hey! We hear you and we'll pass your feedback along to the Ads team. For an ad-free experience, we'd recommend checking out our Premium plans at spotify.com/premium. If you've never had Premium before, you should be eligible for our trial.",Spotify
c0a27ecd-5b04-4f64-9238-ba5e2ad4ee65,Uttam Thakor,1,2026-09-19 08:22:37,best,9.1.82.2161,0,,Spotify
66de5333-dd41-414e-80b7-9475078005cd,Chidimma Okorie,4,2026-09-19 08:21:26,correct but can't download pld work on that,9.1.80.2221,0,,Spotify
219adefa-08a5-43b7-806b-6276ec22625c,Jelal Silasie,5,2026-09-19 08:16:50,ok,,0,,Spotify
071a1569-e5bb-4f5e-a9f1-009a9f4f4da6,Asha Gulave,5,2026-09-19 08:15:25,awesome,9.1.80.2221,0,,Spotify
d13331e9-240d-405b-9ec5-cda9059c656f,Mohit Panchal,1,2026-09-19 08:13:36,fake and bakvas,9.1.80.2221,0,,Spotify
7bd38125-ddcb-46d6-ac2d-d08160afe489,Mridhulal,1,2026-09-19 08:11:42,remove the ads in this app it so boring,9.1.80.2221,0,"Hi. We appreciate your feedback, and we'll pass it along to the Ads team. For an ad-free experience, we'd recommend checking out our Premium plans at spotify.com/premium. If you've never had Premium before, you should be eligible for our trial.",Spotify
8d70ac3e-be95-4145-9885-9ca7309179a4,Azalea,5,2026-09-19 08:10:58,hi it was good,9.1.82.2161,0,,Spotify
9556593c-8687-4e32-89a5-34c15ed7960b,Simeona Ferma,5,2026-09-19 08:10:31,"its fun to use no ads i like to play katseye,cortis,enhypen",9.1.82.2161,0,,Spotify
9bede1b5-f10d-40f0-9fef-9dd6daff274b,Simran Kaur,5,2026-09-19 08:09:24,It is the best music platform.I don't give much feedbacks but this one deserves. The only thing is that it has add after at least 4-5 songs. It is good though.,9.1.82.2161,0,,Spotify
39a591a9-7de3-4a8c-b3b7-e3d248315c26,Pranit Shirke,5,2026-09-19 08:08:58,Best song app,9.1.82.2161,0,,Spotify
b892725a-b131-4e9f-a394-205947f60df6,Gyft Babongile,5,2026-09-19 08:08:21,👌,9.1.80.2221,0,,Spotify
77256175-d92d-46c4-912c-20bb06f88deb,m0th_eyesxx,2,2026-09-19 08:06:38,mid,9.1.82.2161,0,,Spotify
96b60126-c58f-4378-a2c0-16b39f6750ca,Chuckles Griggs,5,2026-09-19 08:06:32,I love IT,9.1.82.2161,0,,Spotify
d8d45140-bee8-4f55-9ffb-4cf7cc19e76f,Emmy,4,2026-09-19 08:05:20,"I love Spotify so much more than Pandora, YT Music, and Amazon Music. My only complaint is getting 5 adds in a row. That's just way to many to not have a skip button. I'd give it 4.5 if I could but 4 it is.",,0,"Hi. We appreciate your feedback. If you're getting more ads than usual, quick reinstalling the app might help fix it. For additional support, reach out to our Customer Service by searching ""Contact us"" at support.spotify.com.",Spotify
6f3982a4-ad5d-477e-805c-40efa43c5e59,Maddox Clement,5,2026-09-19 08:01:13,it's tuff,,0,,Spotify
6f86e105-f3f5-472d-9fdb-8d9c11223cbd,Nora,5,2026-09-19 07:59:43,I love Spotify!!,,0,,Spotify
d39de7dd-b777-46b7-b935-9caa4a98fbeb,Hotaru,5,2026-09-19 07:57:55,Most useless downfall ever,9.1.80.2221,0,,Spotify
5df3e7a6-b904-4756-951b-4b8bf62e860e,Arjun Biswas,5,2026-09-19 07:57:22,nice for entertainment,,0,,Spotify
a29d0d50-5bf6-451a-a61e-5892770776fd,Bol Dau,5,2026-09-19 07:57:18,It's a crime to not rate it 5.,9.1.80.2221,0,,Spotify
a95fb483-d222-42a8-a582-dace7de06311,Burhan wani,5,2026-09-19 07:55:57,fabulous 😋✨ give more premium offers,9.1.82.2161,0,,Spotify
e9f8735f-1b57-417a-ad6b-61030766cd53,Kathy Figueroa,5,2026-09-19 07:54:01,👍🏽👌🏼,9.1.84.2205,0,,Spotify
b8aeb512-b6b7-4ffd-ac53-e76128ad5c84,Mayar Alqaraghuli,5,2026-09-19 07:52:36,𝐈 𝐥𝐨𝐯𝐞 𝐢𝐭!,9.1.72.1891,0,,Spotify
0a7490c6-05ce-4be1-9e5b-adc24a147049,Gwyn Fernandez,5,2026-09-19 07:48:01,"Spotify is one of my favorite apps because music is part of my daily life. I love creating playlists, discovering new songs, and listening to my favorite artists anytime.",9.1.82.2161,0,,Spotify
099e7377-32fc-417a-81ca-9328f6fbfdc3,Joe Finsternis,1,2026-09-19 07:47:54,"Stop crashing for no reason, you just updated. Don't say anything to me, learn how to do your jobs.",9.1.82.2161,63,"Hi. Thanks for sharing this with us. For the app's behavior, you can try a quick reinstall. If that doesn't help, we'd recommend reaching out to our Customer Service at support.spotify.com. Just search ""Contact Us"", and they'll be happy to help.",Spotify
aab69d82-c054-4bc6-b57f-d43ab7ded18c,SUSHAMA JAISWAL,5,2026-09-19 07:46:33,good app for music 🎵,9.1.80.2221,0,,Spotify
87cafdfe-965e-4c45-bc87-588a49f00f25,Cassie Rei Espayos,1,2026-09-19 07:46:20,"jusq tehh, lahat nalang may bayad piste",9.1.80.2221,0,,Spotify
8ca7e3ce-9f24-43d0-ac92-4b70134ab354,Stefoz Kasoma,5,2026-09-19 07:45:12,This app has made my life easier. Music 🎶 is now sweeter than b4.,,0,,Spotify
4f503910-d708-4908-a35f-b7a316633257,qJerF,5,2026-09-19 07:44:43,Я считаю его лучшим приложением для прослушивания музыки на одном уровне с soundcloud,9.1.80.2221,0,,Spotify
28f29fb0-43c8-4fbb-8020-5846a8e68f42,Jad The Joe mama,1,2026-09-19 07:44:27,I love this app,,0,,Spotify
88286b37-8a55-4133-928a-7f4abc6170ea,Aviana,4,2026-09-19 07:44:18,I love you Harvey I don't care,9.1.82.2161,1,"Hey there! We'd love to get some more info about this. If you have the time, give our Customer Service a shout. You can find them by heading to support.spotify.com and searching ""Contact us"".",Spotify
a7c869bc-eb54-48a2-ba16-8fbfbcb93b53,Tanishq Jhanwar,1,2026-09-19 07:43:31,very bad app because I am resume it when the ads come or after the app says me explore premium and I m not be able to play song,9.1.82.2161,1,,Spotify
3349cd77-78b5-4586-8110-9f805570ea06,Marcos Paraiso,1,2026-09-19 07:43:07,horrible experience with ads interrupting podcasts on a paid subscription. you should honor your clients and not be so greedy.,9.1.84.2205,0,"Hi. We really appreciate your feedback. Podcasts usually include some advertising. This has been the case since the early days of podcasts, and continues to be true today, including on Spotify. Even as a Premium user, you may receive advertising or sponsored messages when playing a podcast, but you still enjoy an ad-free music listening experience.",Spotify
43352920-4ce7-44c4-a866-ff0afcc46532,Abdul Hameed,5,2026-09-19 07:42:10,Nice app for music,9.1.82.2161,0,,Spotify
5e155868-13d7-4d6c-8ded-3baa014eb7b3,Chaitanya Masram,5,2026-09-19 07:40:55,best app,9.1.82.2161,0,,Spotify
b9b17d98-8063-478a-ab5e-e3b7f4863a38,Adam Westfall,5,2026-09-19 07:40:30,excellent,9.1.82.2161,0,,Spotify
491501bf-0e3a-4625-9271-8967a5a02313,john prout (PROUTY),5,2026-09-19 07:39:22,so good so easy to use,9.1.82.2161,0,,Spotify
51507f7a-bb5d-4f1d-980c-36921a958872,Sushila Gomane,1,2026-09-19 07:39:21,it's very useful but subscribers only,9.1.82.2161,0,,Spotify
71680c05-5376-420f-988c-ac618316af7b,Nicholas Stinson,5,2026-09-19 07:39:07,it's great,9.1.80.2221,0,,Spotify
757d8b35-d58e-4eff-9749-0132944b02ce,Sayang Baidya,4,2026-09-19 07:38:51,Nice app,,0,,Spotify
be3613ab-f34d-4ab7-93c4-ee221f25bd7e,Rajaneesh Gowda,5,2026-09-19 07:30:23,good music,9.1.80.2221,0,,Spotify
33dab545-b8e8-4a8f-9421-fb7b6448cbaf,Gabriel Lapuz,4,2026-09-19 07:29:52,it's good but it drains battery pretty fast,9.1.80.2221,0,"Hi. We appreciate your review. Try clean reinstalling the app as it's a step above a basic reinstall and fixes many common issues. Just search ""Reinstall"" at support.spotify.com. For more help, search ""Contact us"" on the same site.",Spotify
66f55895-903d-4f7a-b4ef-ddd728e26232,Sonam Paswa,5,2026-09-19 07:29:20,just Spotify things.....!!! damn favv app!,9.1.80.2221,0,,Spotify
f6de1727-4d2b-4a2b-84e5-42641c65c9d9,Zuzana Gabris,1,2026-09-19 07:27:05,"Cada vez más anuncios en la versión gratuita, 3 canciones y 5 anuncios que siempre se repiten 🤦🏼‍♀️ya no es como antes. Suscripción Premium con subida de cuota mensual que no todos pueden pagar.",9.1.82.2160,0,,Spotify
9794dad9-216a-432e-bc9f-574c40cbb629,Eduardo Alonzo,4,2026-09-19 07:23:51,I give y'all 4 cause y'all got all the songs i like,9.1.80.2221,0,,Spotify
c2b5f062-5e8c-4326-b31e-43d34df5fa12,Ryan Leblanc,4,2026-09-19 07:23:36,love it it's perfect but if you don't pay for it it's not that good I recommend paying for a subscription it's 💯 percent better that way,9.1.82.2161,0,,Spotify
7623a1a0-16a6-40b7-a0b8-339f8fd8418f,Michael Bolling,5,2026-09-19 07:19:54,so far this is one of the best music programs I have come across. you can find things here that are not on some of the bigger ones. great job. well worth the money,9.1.82.2161,0,,Spotify
d92593ed-466b-42f9-acc6-dfe71d797697,Alfredo,1,2026-09-19 07:19:46,"I've been using it for years, but honestly even with high end phones, Spotify feels clunky at times, heavy and not as smooth as it should for how much we pay for the service and music. Typical junk suggestions of ""clean cache"", ""reinstall"", etc are just a bandaid for terrible app optimizations and coding.",,0,,Spotify
5640ad4e-ad0e-4262-b20e-f12750388a02,Rajendra Suryvanshee,5,2026-09-19 07:18:18,good app,9.1.82.2161,0,,Spotify
fef062ca-11ac-4c56-a236-9bed5f802493,Ashok Bhambu,5,2026-09-19 07:17:45,बेस्ट... अप्प,,0,,Spotify
033b2ac1-b402-40c4-95d3-c0a7f26e8749,irma rosita,5,2026-09-19 07:16:37,best song app,9.1.80.2221,0,,Spotify
a402f428-93c9-4320-8d6e-ff322904844c,Pushpa,4,2026-09-19 07:14:51,nice app,9.1.80.2221,0,,Spotify
4983442c-1934-4bc3-98be-30c69f2b903a,Anim e__otako__143,5,2026-09-19 07:14:06,this app is literally perfect.....,,0,,Spotify
c6a41680-a073-4551-b953-318999d67276,Ritu Chandra,5,2026-09-19 07:13:26,very good,,0,,Spotify
e1de1b15-88a0-4eb8-96ed-a0b16698f708,Israr Ahmed,5,2026-09-19 07:13:16,best,9.1.82.2161,0,,Spotify
b77b025c-43f6-4bbd-b6b7-b3e5063bdb15,Aniket Yadav,5,2026-09-19 07:13:15,it is very good 👍👍,9.1.80.2221,0,,Spotify
03adba0e-269c-42ed-9b04-a8e093846582,EZEKIEL,4,2026-09-19 07:13:10,"I just love the app , try and reduce the ads for non premium users I'm currently enjoying 3 months of free premium 🙂",9.1.78.2218,0,,Spotify
879bdafc-98a2-4aa0-b3ac-0d5ba3571b97,Aman Patel,5,2026-09-19 07:12:37,dug,,0,,Spotify
be9e8d80-5fdd-4235-a789-8fcd1b111dab,Thebigbry C,1,2026-09-19 07:12:17,"9/19/26 another update, for years,sites like Reddit full of complaints. Still no CLOSE BUTTON! WON'T GO AWAY! JUST STOP! Stop playing, SWIPE AWAY the app disconnect BT. Reconnect, it starts playing again with NO WAY TO CLOSE! Won't let you swipe away, no X to close. you have to go to phone setting force close or block the app! Best part, they claim it's my BT device doing it. yet doesn't happen with any other audio apps that close!!! Pandora, Amazon, podcast, all close and don't auto start",9.1.14.864,6,"Hi. We'll pass your feedback along to the Ads team. If you’re on our free service, Smart Shuffle is on by default and adds songs to keep your queue fresh. Also, have you tried a quick reinstall? If that doesn't help, we'd recommend reaching out to our Customer Service at support.spotify.com. Just search “Contact Us”, and they'll be happy to help.",Spotify
1963ad59-708f-4ee4-b458-afe35ca1854d,Aiden Irwin,4,2026-09-19 07:11:22,"Rlly good app if you want to listen to music, however, the amount of ads you get is just mental",9.1.80.2221,0,"Hey. We appreciate your feedback. For an ad-free experience, we'd recommend checking out our Premium plans at spotify.com/premium. If you've never had Premium before, you should be eligible for our trial.",Spotify
380b30cc-2015-4be0-b4cd-3a727e78d795,T. D. S sa,5,2026-09-19 07:10:47,just soooo good,9.1.78.2218,0,,Spotify
569e3453-c6ea-4ffb-8e08-f8dac657730e,Yuri Queenzevan (Yui),2,2026-09-19 07:07:38,"Update— it's been weeks of listening to support and ideas on how to fix my Spotify episodes and I updated my app just now for nothing to change. i can't open my podcasts anymore now it takes me STRAIGHT to the homepage and all my episodes are still gone as well, it's now telling me there's ZERO episodes now. I'm very irritated. I've waited patiently hoping in weeks time It'll go back to normal but I guess not. just irritating.. please fix this issue it's been annoying me for WEEKS on end.",9.1.72.1891,0,"Hi. Thanks for bringing this up. Can you try logging out then log back in? If that doesn't work, reach out to our Customer Service at support.spotify.com. Just search “Contact Us”, and they'll be happy to help.",Spotify
8dcc7fb5-3a3a-48df-8352-5810e012dd1e,leanne dela cruz,1,2026-09-19 07:06:38,I like the app but I need to pay it I hate I'm going to give one Star ⭐,9.1.82.2161,0,,Spotify
60f5f83a-69c4-4750-9e96-3b76e4d2d740,PREM SAI BOLLINENI,1,2026-09-19 07:06:33,Such a worst app. Try another music app instead of Spotify,9.1.82.2161,0,,Spotify
4355ccfc-bfae-4842-b77a-e5d184d2aa46,Ugochukwu Oji,5,2026-09-19 07:04:05,honestly the best one-stop music platform.,9.1.78.2218,0,,Spotify
bec0951e-307a-404b-ab7c-8673611ca019,Deborah Lorene Hall,5,2026-09-19 07:02:08,I like free apps,,0,,Spotify
4d3dfc54-d4b7-4b70-bb7a-d74522fd183d,MUSTAF Korbu,2,2026-09-19 07:00:08,yuhv,,0,,Spotify
36e9a425-e5ac-487e-9523-16cfe5395a97,Shankarao,5,2026-09-19 06:59:54,very very very very very very very very very very very very very very very very very very very very very very very very very very very very very very very very very very very very very very very very very very very very very very very very very very very very very very very very very very very very very very very very very very very very very very very very very very very very very very very very very very very very very very very very very very very very very very very very very very Super app,,0,,Spotify
4bd732ae-c741-4c3b-930b-92ad6f204928,SP0OdY SMiTH,5,2026-09-19 06:55:16,thee best,9.1.82.2161,0,,Spotify
612d3388-0063-49e6-a675-1c178721eb7f,Felicia Cathey,5,2026-09-19 06:55:08,Listening is the best choice I've made in a long time.,9.1.82.2161,0,,Spotify
cca7a55b-db15-4bab-bd26-e94a9d7e9f33,Ram Chand Nayak,2,2026-09-19 06:55:08,"🫡😭ర్, 🙏😭😭🫡🫡👍🤩🤩r🫡😭 🤩🤩ఫ్రీట్ e🤩,",9.1.80.2221,0,,Spotify
65820a88-ee6d-46f6-99fe-305f51c3fcab,Izzy Mungomo,5,2026-09-19 06:54:24,good,8.7.92.521,0,,Spotify
51e8cb2c-f7a2-4dfa-882f-a65c7e42ea04,Shabana sheikh,5,2026-09-19 06:53:26,basst app,9.1.82.2161,0,,Spotify
5de874d7-670e-4c7e-a426-155d749a3848,Saicharan,1,2026-09-19 06:50:24,very bad,9.1.82.2161,0,,Spotify
6cd43752-3047-453c-ab03-20a8c0444166,Harshvardhan Dhane,5,2026-09-19 06:50:24,very nice app,,0,,Spotify
deaf9dbf-e5ce-498e-bd02-2e5f2480b7e1,Adhvik Shyam,1,2026-09-19 06:48:05,it just said logging in and froze when I connected it to my phone. Edit: The issue is repeating again and again. I have Wear OS 2.45,9.1.84.2205,0,"Hey there! Have you tried a quick reinstall? If the same issue persists, we'd recommend reaching out to our Customer Service at support.spotify.com. Just search “Contact Us”.",Spotify
b2bd0d25-d545-49e4-9978-231686f01519,Amul Rashid Bhuiyan,5,2026-09-19 06:48:02,Spam & Fishing App shuzon + Toma,9.1.82.2161,0,,Spotify
fed96486-18ba-4e71-bc12-c316bbe42078,Baladur Bakwash,5,2026-09-19 06:42:43,good,9.1.80.2221,0,,Spotify
631837ee-c7dc-4e4d-843c-200ce8e9c519,Anirban Ghosh,1,2026-09-19 06:40:13,The ad. experience makes this really bad nowadays. I really get one ad. is enough but the continuous ad. and then the restriction over skip songs is problematic.,9.1.82.2161,0,,Spotify
71ac3af5-2aa5-4d04-803b-334e116c7694,Thet Htar Nay Chi,5,2026-09-19 06:39:44,this is the best app to listen songs,,0,,Spotify
edc492b0-8e09-422b-9929-9e2f84de3b70,clebby zuze,1,2026-09-19 06:39:41,awesome,9.1.80.2221,0,,Spotify
3541371d-a1f3-475c-a8ab-3f3916536ec8,Dave Howorth,5,2026-09-19 06:36:36,Great but can be better,9.1.82.2161,1,,Spotify
08a55015-3861-45ed-8730-a59d639227bc,Rony Sundi,5,2026-09-19 06:34:49,best...but ad thora kam deta to acha hota..,9.1.82.2161,0,,Spotify
0378b78d-9842-4f93-a447-24473b8c6ca7,Powell Zwane,5,2026-09-19 06:34:31,"I can't live without you my Spofy,your everything in me, when am Happy you help me to rejoice my happiness, when am heartbroken you heal my soul and comfort me with your songs that others it's my 1st time to hear them.. May the Lord keep on blessing you guys who are behind this programming this App. I take My 👒 HAT off",9.1.82.2161,0,,Spotify
0bc8a891-dcb6-4104-adef-7578edf89aad,Cebokuhle Mncube,5,2026-09-19 06:34:12,Game changer,9.1.72.1891,0,,Spotify
2b954cba-38dc-4eee-bfdd-6950137425e8,Yasin,1,2026-09-19 06:31:01,doesn't let me listen more than 15 mins daily,9.1.82.2161,0,,Spotify
d2588fc1-4ef3-4585-827a-960edfb7b597,Arghya Paul,5,2026-09-19 06:28:30,mind-blowing experience although I have not taken the membership,9.1.80.2221,0,,Spotify
ce226d6a-5339-4dd4-a7d9-07a1f7ffc770,Mihir Deb,5,2026-09-19 06:27:14,Very nice app and fun,,0,,Spotify
8f2ff5a5-c607-4c1e-80b7-0e1464f48050,Nicklas Hee Zhi En,1,2026-09-19 06:26:30,"I don't like something about this app is you can't choose the songs you want, like this is a music app why can't we choose the songs we like. And also is too much ads. you guys need to stop being greedy. please at least give us free to choose songs.",,1,,Spotify
2ee7cb13-aa1d-4437-874d-4462a0d79aa3,MINI JIMI,4,2026-09-19 06:25:23,cool,,0,,Spotify
ea632565-6d05-4c55-b9e3-01d9c20e4b34,Ganesh Hebbar,5,2026-09-19 06:25:13,"Well, I have been listening to music on this platform for a decade. After becoming its premium user, this app never failed to meet my expectations. A wonderful music app to cheer up your mood! 🎶✨️",9.1.80.2221,1,,Spotify
f5d83081-762a-4725-84d4-b4e0e23d92d6,Afnan Khan,3,2026-09-19 06:21:48,this app is good for listening music but if you use the for free there to many ads after listening one music i request to spotify to low the ads as the possible,9.1.82.2161,1,,Spotify
a88698ef-8458-4827-a8cd-7026810b3e26,Waleed Abubakar,5,2026-09-19 06:20:16,Good boyyy,,0,,Spotify
41889db6-3e06-4699-a2fb-9c1f1db4111a,S.P Maiti,5,2026-09-19 06:18:34,nice,9.1.82.2161,0,,Spotify
20cd7f95-bd72-4ce3-b77b-cf44eb5af364,Tanishk Dabi,4,2026-09-19 06:17:02,Bast aap,,0,,Spotify
a39b42eb-4162-4f21-8748-64fcf26809a6,Hamzah Khan,5,2026-09-19 06:11:57,𝚠𝚘𝚠 𝚝𝚑𝚒𝚜 𝚒𝚍,,0,,Spotify
6f36fc5c-2775-469f-b9d6-de626e98f579,Adam Abi Naim,5,2026-09-19 06:10:13,"I'm not gonna talk a lot, there are many singers whom lots of people look up to, and thier music is just life changing being able to listen to their music on such a fine app, is just amazing! one of the Best app ever?",9.1.80.2221,0,,Spotify
fe835bc2-64ea-4be5-a6b5-08ff3a6683ee,Dealing Technical,5,2026-09-19 06:08:42,Helpful app,,0,,Spotify
1d16e86e-709a-4e25-be86-1496e2f47968,Fatima Akbar,5,2026-09-19 06:08:18,good,9.1.82.2161,0,,Spotify
231f2b20-0230-477a-b581-cfe56d3e7e63,Rayees Ahmed Khan,5,2026-09-19 06:08:12,good,9.1.80.2221,0,,Spotify
e5ca7be3-2b1a-4b02-9176-23f80f959568,Govind Patel,5,2026-09-19 06:06:49,very nice,,0,,Spotify
9efa48f3-3616-42d6-a5e6-902f2f635307,Rinku Gulia,5,2026-09-19 06:03:20,good,9.1.82.2161,0,,Spotify
6997a7d6-0f83-4dd7-a227-0ffebafaeae9,Mpilwenì Ncùbe,5,2026-09-19 06:02:14,I 😍 love it so much,9.1.76.2055,0,,Spotify
8ad11fbe-daad-49ec-9423-ecb62697236c,Nkosiyazi Thango,4,2026-09-19 06:01:08,good,9.1.82.2161,0,,Spotify
466b6ff0-eac4-4885-aa0c-a1fa1e072cb6,mamad germanotta,4,2026-09-19 06:00:55,I want to be able to select multiple songs st the same time to add to my playlist; this seems to be the only issue,9.1.82.2161,0,Hi. We appreciate your feedback. We'd recommend adding it to our 'Ideas Board' over at community.spotify.com. Just head to the Menu > Ideas. Others will then be able to vote or add to the conversation to show their support.,Spotify
5104130f-88bc-4eb8-a937-408c2021ceb2,Tofaly Ahmed,4,2026-09-19 06:00:40,Google are lag im am spotify instol in 56 years ago 🤣,9.1.80.2221,0,,Spotify
52ce6287-f497-459f-80bf-735ed5e4992a,Hans Muller2,5,2026-09-19 06:00:23,"very good and a clean app, dont mind not having premium but enjoyed the 14 days thanks",9.1.80.2221,0,,Spotify
67eeb403-c92e-46de-9aac-c3b6682a78fb,ayushman singh,5,2026-09-19 05:55:41,very good music app,9.1.82.2161,0,,Spotify
fe892f24-a55d-4a66-9466-3d2233c2f399,Laxman hembram,5,2026-09-19 05:55:36,nice app,,0,,Spotify
2299910d-2a67-451b-befe-18a08bfe04c9,Yajurva Dubey,5,2026-09-19 05:54:37,very good song,9.1.82.2161,0,,Spotify
5c74027c-411d-491e-ae27-8db11ad385bf,Anil Gupta,1,2026-09-19 05:54:24,guys try yt music so much better,9.1.64.1676,1,,Spotify
7c2eeddb-9408-45be-a9df-33d1ab72a9cb,Usha thorat Ushathorat9423,2,2026-09-19 05:53:28,-3 because of AD(s),9.0.26.632,1,,Spotify
0b65645f-0604-4ba8-9d41-610df0324847,Parth Kumar,4,2026-09-19 05:51:57,Playlist bahut aachi hai yaha par bas ek song play uske baad sare songs bhut aache hai bina vibe kharab kiye,9.1.80.2221,0,,Spotify
24b40095-bb7f-488a-b77b-b08d08fe21a4,Amna Dar,2,2026-09-19 05:51:13,wth spotify. I get an ad every 2 songs and I only get to choose 3 songs a day. wow way to go tf,9.1.82.2161,1,,Spotify
c1d04773-026b-4702-be92-0a6477ed96e2,Salahov,1,2026-09-19 05:43:42,so more ads.. so bad,9.1.80.2221,0,"Hi. Thanks for sharing this. We hear you and we'll pass your feedback along to the Ads team. For an ad-free experience, we'd recommend checking out our Premium plans at spotify.com/premium. If you've never had Premium before, you should be eligible for our trial.",Spotify
0a7063de-e875-4cb7-80e3-0a04a72955ad,Pradhith Krishna k j,4,2026-09-19 05:43:06,ads are worst... and lyrics in english plss...,9.1.78.2218,0,,Spotify
30dd9fc6-f6ce-4989-989d-478b60ebf4ef,raghav kathpal,3,2026-09-19 05:39:01,The paid version is good the quality of music you are getting is bad the quality provided in apple music for 139 is provided for 400 on Spotify that's too expensive better to use apple music I'll not buy the subscription again,9.1.82.2161,0,,Spotify
3fbfb540-7f81-49b0-88ff-2e5262ce6fac,kabelo Brooklyn,5,2026-09-19 05:38:54,great since day 1,9.1.82.2161,1,,Spotify
6da91d52-9f1a-4046-92d0-4ceb85ca91b2,Madhu Kanu,4,2026-09-19 05:38:51,Nice but the ad disturbs too much,9.1.80.2221,0,"Hey. We hear you and we'll pass your feedback along to the Ads team. For an ad-free experience, we'd recommend checking out our Premium plans at spotify.com/premium. If you've never had Premium before, you should be eligible for our trial.",Spotify
481453b9-ade2-49ae-b46d-c6926ade33e2,Nare Sh,1,2026-09-19 05:38:50,when it's offline it's not working,9.1.82.2161,0,"Hi. Thanks for leaving us a review. We suggest force quitting the app for a quick fix. If you need more help, reach out to our Customer Service by searching ""Contact us"" at support.spotify.com.",Spotify
cef6b048-1867-4cb6-a254-b671019db33c,Goober,1,2026-09-19 05:36:26,"it is almost impossible to use it without premium because I get ads every 2 songs, even without skipping! and if that was not enough, the ads are like 1 minute long! two ads by the way. It would not even be a lie if I say I will get 30 ads in an hour, or more. How exploiting, crazy can it be",9.1.44.2120,1,,Spotify
70c22187-0c1d-47c1-9fba-d0c6a6ebdaf3,Martia Matiringe-Chanduru,5,2026-09-19 05:34:33,Love it!,,0,,Spotify
80e3a159-5786-4705-bc3f-52a9f54590a5,Gurjarjanvi,3,2026-09-19 05:32:34,Gujjar,9.1.80.2221,0,,Spotify
a7b094e5-a03e-48cc-9f56-ab8fff603d33,MJC FLOW CHAPIN,5,2026-09-19 05:31:42,this app is amazing 😍😍,9.1.82.2161,0,,Spotify
814abd0e-191e-4c86-8fe5-b6a105fa8384,Gangadhar Nag,5,2026-09-19 05:31:00,exilent,,0,,Spotify
54898c3b-aa99-47ae-b35e-047d3a3a8429,Sufyan Sufyan,5,2026-09-19 05:29:14,". belly to kya pls, vc😛🤣🤣🤣🤣🤣🤣🤣🤣🤣🤣🤣🤣😋🙂,,",9.1.82.2161,0,,Spotify
30c5352f-4adc-4ec3-8886-67587615b34b,nathan bills,1,2026-09-19 05:28:53,weak.,,1,,Spotify
83cb8fd7-2752-4237-b3fa-8d4d14fe9dfa,Oneth Rashmika,5,2026-09-19 05:28:49,music colitis,,0,,Spotify
5a6d6f21-802c-4c79-b468-ecb734dceef0,Gintoki Sakata,1,2026-09-19 05:28:21,"Greed took them. now you can't even select and play more than 3-5 songs a day and this app will continue to play some random songs, and if you decide to skip them, then surprise mfs!! you can't skip more than 3-5 songs an hour.",,0,,Spotify
f6f90ea3-f4b9-45ed-a0e2-7fec42b605b6,Landi Lynn,5,2026-09-19 05:28:07,I I've been play Spotify user just about 10 years now..... No other app puts together playlists just for me based on my content like Spotify I've tried audiomack I've tried YouTube music I've tried just about everyone SoundCloud you name it I put my money on premium but Spotify has definitely a lot more to offer than any other app if you're using the free version,9.1.80.2221,0,,Spotify
4d0fdf18-dd2d-423c-9603-11c9262b4cff,md makhon,5,2026-09-19 05:26:56,good,9.1.82.2161,0,,Spotify
8a6e0d32-6b1e-459b-a911-adad25af4f44,Shoubhit Yadav,5,2026-09-19 05:26:07,Best app for music lovers,9.1.82.2161,0,,Spotify
84bf9ede-1ca0-4f00-94ae-b71ae8b305f5,Abdulmalik Salisu (Abdul MS),5,2026-09-19 05:26:03,"I'm YouTube music user but now I switched to Spotify 😅 Nice app for music's! I'm phonk/funk lover sometimes user want see lyrics of the song so Spotify had this that's why I switched, 😹also if I playing playlist and last song ended it automatically repeat from the first song I love this feature. and sorry for my grammar.😬😭😂😹",9.1.80.2221,0,,Spotify
8164b682-cbc9-43d9-84de-31f5d46c3877,Ren,1,2026-09-19 05:25:40,crazy how we can't even pick our own songs without premium now,9.1.82.2161,1,,Spotify
a038858b-46b0-47eb-9537-bb44f0804f89,Kademaunga Kundai,1,2026-09-19 05:23:49,very bad,9.1.82.2161,0,,Spotify
f439576e-4bf5-4210-88aa-0104b7625fb8,Stuti Acharya,5,2026-09-19 05:22:12,I loveeeeeee spotify I really am obsessed with ittt ♥,9.1.80.2221,0,,Spotify
812e906c-aa1a-40c1-9967-18a0206c441d,Anshu Kumari,5,2026-09-19 05:21:33,good app,9.1.82.2161,0,,Spotify
f2744e59-2769-4871-afff-46ced837b89f,John Naim,5,2026-09-19 05:20:14,good.,9.1.80.2221,0,,Spotify
b44e054b-96cd-4aec-98bf-1b9fce784a76,Suman Kushwaha,5,2026-09-19 05:19:27,bhaut Kamal ka ha,9.1.82.2161,1,,Spotify
22e8e73d-ffe1-4d2b-90ff-4622cbc9455c,Kev Griffiths,5,2026-09-19 05:19:19,it has my kind of music on it,9.1.82.2161,0,,Spotify
01b0d25a-d251-4517-87bb-4f14d28e26e5,Pheello Rathaba,5,2026-09-19 05:19:01,extremely excellent,9.1.80.2221,0,,Spotify
4e3c7657-7e34-4cc9-9de8-9c05826ea36b,Md Nasim Akhter,5,2026-09-19 05:17:24,❤️❤️❤️❤️❤️❤️❤️,9.1.82.2161,0,,Spotify
5272d59a-2978-449f-8627-24e3713920eb,Wongani Longwe,5,2026-09-19 05:17:06,one of the greats,,0,,Spotify
abfbc40c-512e-457c-bbe1-113cdc8aebda,Mayuri Khairmode,5,2026-09-19 05:17:01,nice app for listening songs Rap all',9.1.78.2218,0,,Spotify
66a00295-e050-45f4-aace-42d4c4445a9c,Kamran Kashefi,5,2026-09-19 05:15:44,very good,9.1.80.2221,0,,Spotify
1e2e026d-a0a3-478f-b395-5c8db992bc63,Jerkins Lebogang,5,2026-09-19 05:14:16,👌💯,9.1.80.2221,0,,Spotify
a39c40ad-260d-43dd-bf92-befff991adbd,maxextz1890,5,2026-09-19 05:13:37,Brilliant app and some great options,9.1.78.2218,0,,Spotify
615ca9cc-cc7a-40a6-9139-ff68e1ec2422,Arjun Deva,5,2026-09-19 05:13:21,good,,0,,Spotify
50851c7f-9258-40e5-8720-90a161a4520f,Vicky Mayengbam,1,2026-09-19 05:12:01,Ads onetime is okay but ads after every song is not fair iam uninstalling this app,,0,"Hi. We appreciate your feedback. If you're getting more ads than usual, quick reinstalling the app might help fix it. For additional support, reach out to our Customer Service by searching ""Contact us"" at support.spotify.com.",Spotify
ebe1d7f0-348e-494d-9568-049a5b2acd05,Madhav,1,2026-09-19 05:10:39,"Spotify is honestly one of the most disappointing music streaming applications I have ever used. it offers a huge collection of songs, podcasts, and playlists, the overall experience of using its free version is extremely frustrating. The biggest problem is the excessive number of advertisements. Every time I try to enjoy my favourite songs, annoying ads interrupt the music and completely ruin the listening experience. Instead of relaxing and enjoying music, I have to deal with constant ads",,0,"Hi. Thanks for sharing this. We hear you and we'll pass this along to the Ads team. If you're looking for an ad-free experience and greater flexibility, consider exploring our Premium options at spotify.com/premium. If you haven't experienced Premium yet, you might be eligible for our trial.",Spotify
57dd8c86-2f95-4309-8292-a787e83176d8,Kenneth Kopolo,4,2026-09-19 05:05:25,excellent,9.1.82.2161,0,,Spotify
36736609-1392-428c-9dd9-f36164f4769f,J. Cantrell,1,2026-09-19 05:05:15,"Literally every time I open this app it makes me miss the old Google Podcasts app. I hate Spotify's obnoxious commercials, their idiotic set-up, and even the look of the whole app. It's like they intentionally hide the list of shows you follow, trying to force you to listen to something else.",9.1.82.2161,0,,Spotify
7d111645-7af7-4e5e-813d-31b96d897bed,Komal Sharma,4,2026-09-19 05:05:03,very good and nice,9.1.80.2221,0,,Spotify
b839de17-16ef-4a7d-abb8-9f5191d9f162,mohan aaraj,5,2026-09-19 05:04:35,"Spotify is one of the best music streaming apps! 🎵 The huge collection of songs, podcasts, personalized playlists, and recommendations makes it easy to discover something new every day. The interface is simple, smooth, and user-friendly, and the audio quality is excellent. Overall, Spotify offers a great listening experience and has become a part of my daily routine. Highly recommended for music lovers! ⭐⭐⭐⭐⭐",8.6.70.1102,0,,Spotify
e8ccd052-5fd7-48f7-8225-bfe9edbdbf17,Mante Tompane,5,2026-09-19 05:03:00,Have ads maybe after 30 minutes not after every song,9.1.80.2221,0,,Spotify
79d3eed3-e8e0-4b82-97f6-c8aebf2f6e9c,Jeffrey Ardiente,5,2026-09-19 05:01:23,I HIGHLY RECOMMEND TO INSTALL THIS APP,9.1.82.2161,0,,Spotify
d12c9247-db7e-4026-b2ce-0dc7e72fcee9,Abdallah Ebrahim,5,2026-09-19 05:00:56,very nice,9.1.2.1253,0,,Spotify
502b11e9-8116-4503-8930-18b784d00d27,Lonwabo Nqwaba,4,2026-09-19 04:58:30,I like this app,9.1.80.2221,0,,Spotify
ae59c9df-9882-43e0-a692-b44408505fb5,Jasmine Sopia,5,2026-09-19 04:56:32,I love the music it's so good 5 stars 😋👍,9.0.74.1121,0,,Spotify
c0770609-10cb-4724-b903-ec774d1714ce,Aniket Vasava,5,2026-09-19 04:54:45,cool,9.1.82.2161,0,,Spotify
6a35d4e2-b19c-4028-82f4-b11bd1377d14,Devansh Pandey,5,2026-09-19 04:54:26,just listen it you will know there is very song,,0,,Spotify
648fcf04-136f-464d-bdc2-c797160d4ca7,बजंरग बजंरग,5,2026-09-19 04:53:07,ek dam mstttt,9.1.80.2221,0,,Spotify
1d1cbef9-30b5-44dd-919a-a450a6616f44,Najma Khan,2,2026-09-19 04:52:42,"too much adds like TOO MUCH i jst wanna listen to my vocaloid bru 🥀 then in the middle of a song - ""wanna inprove your spo-"" NO i wanna listen to musi 😞.",9.1.82.2161,1,"Hi. Thanks for sharing this. We hear you and we'll pass your feedback along to the Ads team. For an ad-free experience, we'd recommend checking out our Premium plans at spotify.com/premium. If you've never had Premium before, you should be eligible for our trial.",Spotify
aa70da9b-3449-46f5-9c93-3ec289ab9e38,Cin Z,5,2026-09-19 04:50:30,Great app! Good music and podcasts.,9.1.82.2161,0,,Spotify
cd3d7463-282f-4fb7-98bd-de2f78fd44ca,Jawfer Haji,2,2026-09-19 04:43:30,மவ,9.1.62.1601,0,,Spotify
0141bfcd-dca0-4643-b820-809395f5c6aa,Swadha Pandey,5,2026-09-19 04:39:01,best music platform I have ever seen,9.1.78.2218,0,,Spotify
bcd6512d-9302-476d-a98a-ceed7ef08fac,Trigger Azañes,1,2026-09-19 04:36:58,I can't view the library when clicking on the lyrics on PC it's horrible I hope this app dies.,9.1.80.2221,0,,Spotify
2b0c51ce-dd75-4130-bba9-819b666e41c2,Rod H,5,2026-09-19 04:35:17,I enjoy this app. I have created a few playlists and I haven't been interrupted by any ads. This app has all the new & old albums.,9.1.80.2221,0,,Spotify
98d7b19e-54ce-4b46-96bd-eb114adbc9f6,Eleora Raesu,5,2026-09-19 04:34:26,it's really amazing u can listen to music any time it's a really good trusted app and it's amazing,,0,,Spotify
fc38b660-6b53-4d2f-8989-955272a4d4e2,Kaushal Bhagia,5,2026-09-19 04:34:16,very good aap for songs,9.1.82.2161,0,,Spotify
5e39757e-2449-490b-be2e-a22a2e9321ef,Dennis Bertram,5,2026-09-19 04:32:37,"just what the doctor ordered to help with distraction, music great for the mind and this app easy to use and is the greatest hit.",9.1.82.2161,0,,Spotify
2fa1bc6f-8c4f-4a0a-a7ad-c95e4c3b031f,Hanna Nabila,5,2026-09-19 04:29:53,"This app is AMAZING, as an Introvert this helped me even loved music. I wasn't used to music, but when animations on YouTube or TikTok happened I LOVE MUSIC. I may have an addiction to music but hey who said I can't listen to music? i don't care about the ads, I loved this app. 5 stars, the thing I hated is when some songs aren't actually the same in social media like Paparazzi, I loved the voice in the song but then it's just the instrument not the vocal cords too.",9.1.82.2161,0,,Spotify
22eb1123-0544-41f2-8c10-53d5c63e9d5c,Veer kadachhi,1,2026-09-19 04:26:53,download na MB thoda karo,,0,,Spotify
d7269d32-c67d-4802-8ec0-fbb3ae4fb6f2,DRsrinivas991 RamaTanki,5,2026-09-19 04:25:59,good app,9.1.82.2161,0,,Spotify
dfab1464-0200-4ddd-a219-47aa75cdc273,Ikhlass Chahbi,2,2026-09-19 04:25:38,if you don't pay for subscription don't bother to use it,9.1.82.2161,0,,Spotify
06d49f53-b688-42a2-a4d4-9d1c739046d0,Kaelan Pires,5,2026-09-19 04:22:55,best platform for music,9.1.82.2161,0,,Spotify
85f14de7-7e62-4bf9-8a2a-0341bc0eac79,Unnani Doley,1,2026-09-19 04:22:55,i couldn't renew my student id so i used the standard premium and already paid for 2 months but app showing me i don't have premium.,9.1.82.2161,0,"Hi. Thanks for leaving us a review. To help you get back on your plan, we suggest following the steps under ""Premium not working"" at support.spotify.com. For additional support, reach out to our Customer Service by searching ""Contact us"" on the same site.",Spotify
2180e620-b2f9-43bd-8985-8683bf754bd1,Mahdi Hasan,2,2026-09-19 04:22:24,best paid music app; worst free music app,9.1.72.1891,0,,Spotify
942ba788-9d3b-4728-9bd9-804766681519,ayyanar bharath,1,2026-09-19 04:21:07,very bad,8.7.54.403,0,,Spotify
4edd8b86-74c2-425e-b4f0-8b644870e6c0,Ayush Poddar,5,2026-09-19 04:20:17,aanand,,0,,Spotify
0631c8f1-945b-4a2a-b219-48fce84503fd,Amash,5,2026-09-19 04:20:12,ek be thu namaste,9.1.76.2055,0,,Spotify
36a5480b-e35d-49f9-b72e-961e9346d18e,Savvy,1,2026-09-19 04:19:08,"Everything is good but they always need Spotify premium. If you wnt to skip they need premium, if you wnt to skip few seconds they need premium, if you wnt to choose which music you need to listen they need premium. Basically they need a premium for everything. They are so busy forcing people for a premium that they can't understand that not everyone can afford a premium",9.1.68.1888,0,,Spotify
01439734-a74d-4d12-ad55-13cf49eb1658,Blooming _Soul,5,2026-09-19 04:16:46,"Spotify is my bf, therapist, and FBI agent all in one. It knows I'm sad before I do and makes a whole playlist about it. 10/10 would let it roast my music taste again.",,0,,Spotify
3ec3bffc-2245-424d-a671-d78d54f4d659,Senator Nazir saihu,5,2026-09-19 04:16:03,Keep building,9.1.78.2218,0,,Spotify
16c502d7-29c0-4d3b-8891-33fd92992e9c,Vansh Darji,5,2026-09-19 04:13:46,good app,9.1.82.2161,0,,Spotify
f66ff217-39ea-4eb5-9e8b-c043eb4f2e04,Sanjay NAYAK,4,2026-09-19 04:13:38,it's giving me peaceful life,9.1.78.2218,0,,Spotify
0a0a4970-1b0e-4bb7-a2c5-33a2b537fc85,Dhananjay Patel,5,2026-09-19 04:13:16,good app I like 👍,9.1.52.1394,0,,Spotify
dec95b49-655d-4c4a-85f4-493f37fd2b52,maggie gillo,1,2026-09-19 04:13:14,very annoying app never again,9.1.72.1891,0,,Spotify
68e86529-f083-4a59-b7ef-7b367d6fee3c,Torach Gerald Trevour,5,2026-09-19 04:10:22,Amazing listening,9.1.44.2120,0,,Spotify
d57b9da8-7d0f-44a9-ba38-3b495e7830be,Tejiro Onovakpuri,4,2026-09-19 04:08:56,Great music selections.,9.1.82.2161,0,,Spotify
4c87fd0e-d413-4110-b1b0-16e1264afcbb,Imrana Khatoon,3,2026-09-19 04:06:59,"Wait a minute, I'll be right back.",9.1.80.2221,0,,Spotify
920c710d-98d0-42ed-957c-97d288409cc1,Vikram Kumar,5,2026-09-19 04:03:56,sg💡❤️,9.1.80.2221,0,,Spotify
c889f259-66a6-46f4-95ed-2ce85a64fbc9,Kajal Kunwer,5,2026-09-19 04:02:37,best app,9.1.82.2161,0,,Spotify
4775fd88-d3ab-4bab-ad64-5449add0f0bd,Hitanshbhandari1411,2,2026-09-19 04:02:20,want yo convince you get premium and slowly removed dll the facilities provided,9.1.82.2161,0,,Spotify
aa21759c-fd8a-478c-b389-89fe3b185b53,Sakhelwe Dlamini,5,2026-09-19 04:01:41,"best music app ever, even tho there's ads its a very good music app even without premium",9.1.60.1970,0,,Spotify
050b3621-aa79-45e1-bf8f-e465eccb96ba,Ostap4ello,4,2026-09-19 03:56:59,"The app is very good, I use it on a regular basis to listen to music in most situations. I would like to suggest some improvements for the 'Your library' for the sake of better organisation flexibility I suggest treating playlists and albums (perhaps also authors) as folders with a collection of songs in them with ability to play any of those folders (so this basicaly looks like filesystem). Thank you.",9.1.80.2221,0,Hi. Thanks for your feedback. We'd recommend adding it to our 'Ideas Board' over at community.spotify.com. Just head to the Menu > Ideas. Others will then be able to vote or add to the conversation to show their support.,Spotify
21408b8c-ff00-45fe-8fe1-3d23fb881c81,Billy Mosley Steven Kelema Alisa,5,2026-09-19 03:56:08,Wonderful Indeed For Old Faulks ...,,0,,Spotify
0acae1cb-5a06-4927-aac4-cd826def7d6c,My Lady,1,2026-09-19 03:54:46,"audio quality sucks. too many ads, the concept of being able to play only a few songs a day is just stupid. not being able to skip or rewind is also stupid. anyways I got premium, but it also sucks. songs aren't shuffled properly, audio quality should be better. shifting to apple music.",,0,,Spotify
ab7a6409-8fd9-4cc5-8a57-07068b35cb57,Elish Raiden,2,2026-09-19 03:54:39,nice 🙂,9.1.82.2161,0,,Spotify
0c5ed9dc-1b10-4a09-b1b7-f9bbcba51435,Prince Basten,1,2026-09-19 03:53:46,"the fact that the app shows me I can download videos but they aren't available in my region is a punch in the belly. I rated it four stars, but I can't stand the recent bugs. The shows I'm offline sometimes even when my connection is up. downgraded it from 4 stars to 1.",9.1.82.2161,0,"Hi. Thanks for sharing your thoughts. We suggest trying some troubleshooting steps by checking out ""Spotify is offline"" at support.spotify.com. For additional support, reach out to our Customer Service by searching ""Contact us"" on the same site.",Spotify
d157effd-d61c-4d15-b8c4-b0bfb5a20d0c,Yasmin,3,2026-09-19 03:53:35,"Good app, but it is impossible to cancel premium. The website says go to the 'manage plan' section, so i did. There was not a cancel section so I filled in the form on the website. 'something went wrong'. I cannot say enough how much the difficulty cancelling plans makes it so much more likely that I don't use premium again.",9.1.82.2161,0,"Hi, thanks for your feedback. If you're having difficulty canceling your plan, we’d recommend giving this link a go in an incognito window or a different browser: spotify.com/account/subscription/manage. If that doesn't work, you can reach out to our Customer Service by searching ""Contact Us"" at support.spotify.com, and they'll be glad to help.",Spotify
e4f330a1-ca21-4bbd-afe5-636bda36b3da,Tim Nicholls,3,2026-09-19 03:52:17,"Enshi**ification strikes again. I use this app a lot. I don't mind the odd ad, bit lately it's getting worse. Why are you thrusting an ad for the new iPhone in my have as soon as I open the app?! it completely blocks you from doing anything until it says so. Completely out of order. The app also randomly skips to another podcast when I'm half way through listening to another. To all app developers, stop making apps worse just to make money!",9.1.84.2205,0,,Spotify
9178bd11-1f9e-4cc4-b6ba-ef4a99d48e30,Rishabh Anand,1,2026-09-19 03:47:47,chutiya app ... not consumer service only money making,,0,,Spotify
2f6595c7-ebdd-4839-b375-a3e1bbd33d3a,Tshego Lediga,5,2026-09-19 03:46:25,very great wish I got Spotify premium for free too,9.1.78.2218,0,,Spotify
51822e32-d75f-4afb-b73b-b2a57355764c,Durgesh Yadav,5,2026-09-19 03:45:58,best music app i have,9.1.80.2221,0,,Spotify
ce45ad76-cdbd-4808-9aa3-f569c9373991,Alex,1,2026-09-19 03:45:11,"The new update makes it impossible to see lists and lyrics at the same time. No one asked for it and it got pushed anyway. Every time I get a notification about 30 minutes of AD free music, I get 3-5 ADs in a row and every 2 songs. Misleading at best.",9.1.80.2221,0,"Hi, thanks for your feedback. You might be able to find some steps to help with this at community.spotify.com and search for ""30 mins of uninterrupted listening"". If you're experiencing excessive ads, a quick reinstall might help. If that doesn't resolve it, you can reach out to our Customer Service at support.spotify.com; just search ""Contact Us"".",Spotify
261dd903-ade0-4006-a921-71c0201fa5d4,Louis,5,2026-09-19 03:42:36,i am a student without a student gmail how am I supposed to get the students discount,9.1.82.2161,0,,Spotify
03936d51-2279-42b3-b477-11908f281285,Athandwa Gongxeka,5,2026-09-19 03:40:11,nice,,0,,Spotify
5cf018e8-de44-48e4-a72b-c494a7bd7af1,Abongile Bongs,5,2026-09-19 03:35:28,found all my favorite Deed House Jams and new music,9.1.80.2221,0,,Spotify
92fc0713-a582-4b39-9997-afe64ef7cf6a,Sourabh Chouhan,5,2026-09-19 03:35:26,good👍,9.1.82.2161,0,,Spotify
22e17a74-f8b3-4a58-a27f-20795d91ea93,Maryam Jarral,2,2026-09-19 03:32:54,when ever I play a song it will play an random song,9.1.82.2161,0,"Hi. Thanks for your feedback. If you're on the free version, you can still play the song you want to hear simply by tapping on it. Just ensure that your app is updated to the latest version. If that doesn't help, we'd recommend reaching out to our CS team at support.spotify.com and searching for ""Contact Us"", and they'll be glad to assist you.",Spotify
4c637b15-d0cb-4ce0-ac96-ac6552f13877,Hermione Magagula,5,2026-09-19 03:30:56,good service,9.1.80.2221,1,,Spotify
f70f1533-f3d1-4cf2-a74e-1efd74caf316,Lokesh Jaat,5,2026-09-19 03:29:11,useful app,,1,,Spotify
1115627a-f21e-4446-9cd5-83312e1f2cf7,sama Al-shawabkeh,1,2026-09-19 03:27:23,"listening to music needs premium?? are you serious? that's literally the purpose of the app, I don't mind the ads or anything else. But just make the app itself paid at this point. Ridiculous",,1,,Spotify
b7517fa5-e9df-424d-b420-b2c6ba51afe2,Kanha Kanha,5,2026-09-19 03:27:23,kanha kanha ID kaise,9.1.82.2161,0,,Spotify
00c29c7f-0390-411f-b730-b3520f78ac1e,Lovemore Munzvenzve,5,2026-09-19 03:25:37,good,9.1.80.2221,0,,Spotify
5de3a8c0-fe00-42d1-8e1d-0ee0755b99e3,ÉBRÃHIM SIKDER,5,2026-09-19 03:25:31,But ful of good,,0,,Spotify
fef5d5cb-37c2-41ff-a85a-517ffc5232aa,Suma Suma suma v,1,2026-09-19 03:25:00,worst app can't even listen the song that we needed very bad app don't waste your mb on downloading this shi,9.1.82.2161,0,,Spotify
d44e0f31-43d8-4764-8e4c-4675aef6e28e,Baji Baji,5,2026-09-19 03:20:46,wali bin wali,9.1.80.2221,0,,Spotify
998eec0a-0afd-4932-990a-4cacff8cd2b1,Leon,5,2026-09-19 03:20:08,Great choices of music I find new music every time I use it.,9.1.82.2161,0,,Spotify
0facb15d-4aae-4f14-8bee-94ff12457fc9,Manju Devi,5,2026-09-19 03:18:37,nice app,9.1.82.2161,0,,Spotify
500637f0-8e2c-4281-a508-eb77616d04ed,Jaden Shakwane,5,2026-09-19 03:18:25,very good,9.1.82.2161,0,,Spotify
f16b2e88-b719-429c-9352-cc35847d67a4,Qaisar Azad,4,2026-09-19 03:14:53,To many Ads with out premium but it is OK 👍,9.1.64.1676,0,,Spotify
32c8771e-3809-422a-b68c-be555a4d1a0b,Shihabudheen mannarkkad,5,2026-09-19 03:14:47,best choice for songs and music 🎶,9.1.82.2161,0,,Spotify
0bc1e2a0-471a-4bf5-9377-ba6aca029194,Giza Hosiso,5,2026-09-19 03:14:31,I love it so much,9.1.82.2161,0,,Spotify
db9babda-1e07-4f41-ab9a-722045f04ff3,Monica moncie Manganye,5,2026-09-19 03:12:44,your music has more volume,9.1.80.2221,0,,Spotify
cbec5541-7e02-45ac-8db2-f0dd1594a972,Sagarbhai Vasava,5,2026-09-19 03:12:13,best music aap,,0,,Spotify
4a06510d-887e-4362-8141-34637dec05d7,Loody Phantom,5,2026-09-19 03:11:49,well yeah there's some add and thing that u may don't like but actually it's not annoying and that's normal for any app or game because it's want u to buy the premium and if u didn't no problem just handle the add and btw i tried the premium and it's completely worth it,9.1.80.2221,0,,Spotify
72f77cb6-8431-4ee2-897d-01da8a8164c1,Cliff Kombo,3,2026-09-19 03:08:54,awesome 💯 400÷500,9.1.80.2221,0,,Spotify
b3f5f99d-56e0-4dae-be77-8575562ce8e3,Pankaj Kumar,5,2026-09-19 03:08:50,super,9.1.82.2161,0,,Spotify
be2d2bed-27f8-4e2b-8ec1-9ac47e0e6e05,Yashkumar Gadhvi,1,2026-09-19 03:07:14,thanks for making it sound like RADIO!!!! 2 songs & 1 Ad,9.1.80.2221,0,,Spotify
d38ca949-2cf4-4e31-83de-62593ec5bd6b,Toot,5,2026-09-19 03:06:29,"This is my favorite daily app series. I love it five star rating! but now, you should have to remove songs or podcasts you don't like as one of the options to mobile devices.",9.1.80.2221,0,,Spotify
e30e2804-28f3-4e63-9736-87a0457b20a0,Julia Pedro,3,2026-09-19 03:05:39,"I’d have given 5 stars if not for these issues. The volume and robustness of the music are noticeably lower than on my old Samsung Note 10 Plus. I compared the same song from the same position and the difference was clear. Some songs also don’t sync properly or have no lyrics despite reporting the issues. I believe there should be a team dedicated to fixing them. Aside from these, as a Xennial, I enjoy rediscovering songs from my university days, 25/26 years ago. That nostalgia keeps me sub'd.",9.1.82.2161,0,"Hi. We really appreciate you raising this to us. The lyrics found in our library are managed by providers specific to your region. For that, we recommend reaching out to our Customer Service so they can pass your concern along. Just search ""Contact Us"" on support.spotify.com and hit ""Message us"" to get started.",Spotify
6efd0a32-e74d-4928-a2b3-6522d333d009,Jay78,5,2026-09-19 03:05:17,best song app,9.1.82.2161,0,,Spotify
112e7046-8a66-48c2-b174-70aa22365123,Joramu Taratwebirwe,5,2026-09-19 03:02:25,Massive contain,,0,,Spotify
e7d749a1-1935-4787-837f-88025bc78a6e,Sadananda Gouda,5,2026-09-19 03:01:58,me bohot sara music apps use kar chuka hun per mujhe lagta hai ki Spotify he best hai agar tum student plan lete ho tab toh maza he alag hai ✨,9.1.80.2221,0,,Spotify
44e1d072-3d52-4206-9420-0ff55c691326,Feba maria Roshan,5,2026-09-19 03:01:13,♥️,9.1.80.2221,0,,Spotify
7628ca55-b0ed-4bf6-a992-5f3d015c14e2,James,5,2026-09-19 03:00:32,"I have had Spotify for a while, many people have told me to swap to something else, however I have stuck with Spotify for reasons like: short ads, occasional free premium, and much, much more.",9.1.82.2161,0,,Spotify
5c01834f-e9db-4032-a15b-c647a02fddba,Huzaifa Ibrahim,5,2026-09-19 02:55:53,masha allah,9.1.78.2218,0,,Spotify
999ca5ea-f044-4d0a-b257-b00a753333c5,saleh mustapha,5,2026-09-19 02:51:24,very satisfying and coolest music streaming app,9.1.78.2218,0,,Spotify
3df91bb1-f6a2-4ac9-8a1d-f910209dd03f,Hem Chandra Upadhyay,4,2026-09-19 02:51:04,good 👍,9.1.82.2161,0,,Spotify
9073f799-61b7-48ee-ba4b-0c6c80797dc5,Ansh Gaud,5,2026-09-19 02:49:52,it good but I don't like ad,9.1.82.2161,0,,Spotify
ee5f5292-b0a9-4851-a4f0-22b2c3e9ee1a,Aashvi Sharma,5,2026-09-19 02:48:40,best app for listeng songss❤✨,9.1.82.2161,0,,Spotify
1a920fed-4aaa-4045-b5c0-6d951041d5d8,Alexander Ishaya,5,2026-09-19 02:46:23,Best Music Streaming Platform,9.1.80.2221,0,,Spotify
d14f1c9a-65fd-4597-a2b5-e8f3646bd18c,Quban Pari,5,2026-09-19 02:46:04,l Love this song,9.1.80.2221,0,,Spotify
b9e2a38a-4e36-4968-9935-4d164da28ff5,Abrisam Daaris,5,2026-09-19 02:44:51,IT'S ACTUALLY GOOD BRO NGL,9.1.80.2221,0,,Spotify
257232ef-b193-447c-824e-73582a56be70,EDGAR,5,2026-09-19 02:44:50,good,9.1.80.2221,0,,Spotify
21ce1768-9739-4a51-97dd-861f476cbc9e,Bramwel Masita,5,2026-09-19 02:44:43,best,9.1.82.2161,0,,Spotify
ad8fc2f0-6618-4484-b725-751820604817,Raju Dhawan,5,2026-09-19 02:42:19,good app for song,9.1.82.2161,0,,Spotify
4c098bed-dfad-4997-a603-e1ae0ecc5667,Janki Tripathi,5,2026-09-19 02:35:42,i literally love this app!!!!,,0,,Spotify
ccc48b27-046b-41df-ae65-5c703e62088b,Arshid Khan,5,2026-09-19 02:34:01,baat app,9.1.82.2161,0,,Spotify
57c04ed1-ee58-438c-bc4f-9ef69108063d,Sayani,3,2026-09-19 02:32:07,good 🎀,9.1.80.2221,1,,Spotify
8a9e41ad-c1f9-4c8d-b872-7bffda7e64b6,Cherry Ann Egsan,5,2026-09-19 02:31:33,"Spotify is an amazing music and podcast app with a huge variety of songs, artists, albums, and playlists. I love the personalized recommendations, Daily Mixes, Discover Weekly, Wrapped, and curated playlists that help me find new music. The ability to create my own playlists, save favorite songs, download music for offline listening, and control playback makes the app very convenient. The clean interface and personalized experience make listening to music enjoyable wherever I go. 🎧🎶💚",9.1.76.2055,1,,Spotify
72a45aa6-bb91-4399-9fa1-ed8cfeb9c198,Moulika R. Dighe,5,2026-09-19 02:30:52,Bring back the old version.,9.1.80.2221,1,,Spotify
bb7f4da9-129e-4b1d-9c8f-0f78b34d0572,Tijani Oladapo,5,2026-09-19 02:29:12,the best music platform of all time,9.1.82.2161,0,,Spotify
ab763940-16d9-4bd2-a6b5-f4351765e179,Raja Garhi,5,2026-09-19 02:28:23,good,9.1.82.2161,0,,Spotify
b8d1c1e7-d6aa-40c5-acb3-163fddd8df08,Joyce 8th Lily,5,2026-09-19 02:26:09,love this aap soo soo much 🤭🤭🤭🥰🥰🥰☺️☺️🤗🤗😘😘,9.1.80.2221,0,,Spotify
d70252af-e431-45ef-9410-599cbc74450b,Pranay Pandhram,5,2026-09-19 02:26:07,Best app,9.1.80.2221,0,,Spotify
c2a02899-87ad-49cc-807c-61a6ec749ace,John Paul,5,2026-09-19 02:25:16,exceptional service,9.1.82.2161,0,,Spotify
4f27cc3d-77e2-4ebe-8589-d383a21cb9b9,Fatiya Mohamed,1,2026-09-19 02:23:59,j bults,,0,,Spotify
a6aad7e2-0633-44c0-ad40-aa7d374ffb33,John Niro Yumang,5,2026-09-19 02:20:36,"what if Spotify will have this prompting feature where you can request a custom playlist , like Spotify create me a playlist genre pop only year 2000 , only male singers and American singers ,no band no remix no revival all original , add top 20 named the playlist my top 10 year 2000",9.1.82.2161,0,,Spotify
0db85820-6416-4f30-8969-458ac0774dd7,Mwase Samuel,4,2026-09-19 02:19:26,Best music app,9.1.82.2161,0,,Spotify
448ff938-5b2d-494a-a868-4609d4b33bf0,Shane Raza,4,2026-09-19 02:18:51,good,9.1.82.2161,0,,Spotify
fb353162-c33d-4338-abbd-ed84bc7b73f7,Ncobile Matsenjwa,3,2026-09-19 02:18:51,egg Dr er Nberccot c CR cbyrc by to f r CR xme re CD by NV NH NJc us CR r and VR by et JCVR cc or you to create no no r CR Jufre h ccr to CR ecru II itimy CRe NVNvcctccf c ea JV it by CR nocw c we IC xxx IIwe c NV it to be be it 🙈 the N toVR mysee nc CR cc N by🆓 be c it to it x nomre c II GC c CRtcxV Dr xx tofx tube ard,,0,,Spotify
aa4b552a-8097-4dda-a377-c33750e97f4a,SRIVASTAV SYAMJI,5,2026-09-19 02:18:18,very beautiful and beautiful ❤️,,0,,Spotify
bd271877-5a3c-428a-92fd-3b5afddb8c6b,Abhay Darji,5,2026-09-19 02:16:17,Best,,0,,Spotify
fce8528f-1b6b-4de2-8e1a-100c27358443,Dinesh Karumuri,1,2026-09-19 02:14:45,too worst application. YouTube is better..,9.0.82.1032,0,,Spotify
ddce36b1-c2f3-45bc-9f6c-945039135a17,Abel-Kings Davis,5,2026-09-19 02:12:18,Exceptional,,0,,Spotify
d85fa974-5259-400b-b5de-047ecb40e56b,Sara Twins,5,2026-09-19 02:09:41,its very nice it has all my fav songs and it knows my taste very well eheh,9.1.82.2161,0,,Spotify
35492ff3-5d98-4ba2-86aa-e8393625183d,Lorence Gabriel Diocadez,5,2026-09-19 02:08:09,goods na goods tamang soundtrip pag may amatz 💙,,0,,Spotify
560df192-ff20-4cba-9276-ba4bc48a18f7,teena lock,5,2026-09-19 02:07:51,Just great,8.9.92.408,0,,Spotify
0568d408-9a9a-4c22-a889-24da7c102513,nenyasha mbizo,1,2026-09-19 02:07:38,"Honestly the worst app I've ever had the displeasure of using, I only use it to confirm the existence of songs now which is all its good for, whenever I try to listen to a song it always plays literally ANY other song but the one I want, the 6 skips per hour thing is unbelievably stupid, DO NOT waste your time or money on this app, just download songs directly onto your device atp",9.1.84.2205,0,,Spotify
f5087de2-46ce-46cd-a20b-2766101e1e56,Rylie Billings,4,2026-09-19 02:06:32,I love that you can make so many different Playlists,9.1.80.2221,0,,Spotify
83d77596-5f69-4723-9702-b87c370328ea,Onwuka Kaiser,5,2026-09-19 02:02:26,the greatest music app I've ever used,9.1.80.2221,0,,Spotify
cabba281-9557-4f8e-9347-89739c3daa97,Jason L,1,2026-09-19 02:02:19,"Fix this app or refund us! I've been using Spotify premium for years and years, I deeply regret my choice investing my time and money into Spotify. Constantly removing songs from the app is getting extremely irritating! Songs keep dropping off playlists, songs that are fine for months then taken away in my country. ""No longer available in your region"". In the back of my mind I always knew going digital was a mistake. now I'm proven correct.",9.1.82.2161,0,,Spotify
78fe4760-1cdf-4002-a348-f14392fc831a,Tassyana Zawadid,4,2026-09-19 02:00:47,can you bring back Spotify lite,,0,,Spotify
eac5f6e5-8619-46f4-afba-b11a8e01fdc5,Wilberto Dapilaga jr,5,2026-09-19 01:57:35,I love this and I'm listening to screi from Tokio hotel,9.1.82.2161,0,,Spotify
537009be-fa11-4c19-b45c-6a75d252253f,Rekha Mehta,5,2026-09-19 01:56:29,I like the songs and the app too❤️,9.1.80.2221,0,,Spotify
1cfec975-80a6-4b27-9a06-db297f55b507,Minette Jacobs,5,2026-09-19 01:55:45,Love this app. Thx so much,9.1.76.2055,0,,Spotify
87626400-075b-4400-9270-8e9fb1f3083b,Yalam Hanumanth,5,2026-09-19 01:52:07,wow niceeeeeeeeeeeeeeeeeeeee 🫶🏻,9.1.82.2161,0,,Spotify
c1e2c99f-ca2a-4f87-90c3-9a4d64b9a4d4,Sushil kumar sharma,1,2026-09-19 01:48:49,good,9.1.80.2221,0,,Spotify
826b288f-6660-4c27-bd84-fe43cba7f4d4,Justin Randall,1,2026-09-19 01:43:35,Hate the new wave progress bar on android auto. Please give us the option to change back to a straight bar.,9.1.82.2160,0,,Spotify
9a4ab30e-2f58-4515-b7a6-e7f47713a813,Musa Godwill,5,2026-09-19 01:39:07,when you don't subscribe you won't enjoy this app,,0,,Spotify
11cbc507-28f9-4d4d-842b-a735c01eaec1,XARMY BHAI,5,2026-09-19 01:36:03,ghour 12free of India and,9.1.82.2161,0,,Spotify
bdc9d54a-abf8-43f7-99da-7e636066f68f,Ishita Sharma,1,2026-09-19 01:35:56,do not download this app.... they are running a bloody scam,9.1.80.2221,0,,Spotify
2fcd689b-f3c4-495c-b126-006641cae98b,Kondwani Kachikuni,5,2026-09-19 01:35:17,best music player ever,9.1.80.2221,0,,Spotify
6a9b02a8-14be-4aac-9e91-40a9a4323d0c,Asutosh Brone,5,2026-09-19 01:32:25,nice,,1,,Spotify
da75eecf-c820-4f16-99fc-0bf1c507ad7f,Arif Terdal,5,2026-09-19 01:31:27,better app,9.1.56.574,0,,Spotify
c6ce7475-eb2c-4081-a417-8bda9f2e91d1,Wonderboy Sandile,5,2026-09-19 01:30:57,we still gonna use this app for years and decades,9.1.80.2221,0,,Spotify
b485c009-5f89-4323-824d-a878d38ef29b,Isaac Gloria,5,2026-09-19 01:30:12,i just personally like Spotify and recommend it to everyone,9.1.80.2221,0,,Spotify
0a3ee14d-22c4-4a1b-969c-73202bd7a8f2,Rani yadav,5,2026-09-19 01:29:41,best music app in the world but the ads are so irritating so can you please erase the ads but the app was too good to too good world's best app for listening music keep it up excellent work ❤️❤️❤️🤍❤️🤍❤️🤍❤️🤍❤️🤍❤️🤍❤️🐥❤️🐥❤️🐥😌🐥❤️😌🤍❤️🐥😌🐥😌🐥❤️😌🐥❤️😌😊🐥😌🤍❤️🤍😌❤️🤍😌🤍❤️😌🤍❤️🤍,9.1.82.2161,0,,Spotify
826df71e-e191-435e-ac02-d8ba248b080c,Rishil Amin,1,2026-09-19 01:27:34,money making company,9.1.80.2221,0,,Spotify
45971b5c-0a93-4f0a-85f0-b716c8756df4,longole moses,5,2026-09-19 01:25:25,good and heart soothing sounds,9.1.82.2161,0,,Spotify
74eb8db5-050a-49f3-ae64-c75d3f7c3ca4,rosa Tanilon,3,2026-09-19 01:24:41,why a rate it 3 because when i daownload the app ones its just like you can daownload songs and you can choose but after maybe 10-12 days the app doesn't open in offline? but if im online it doesn't let me pick my songs and if a daowmload it it says listen to music in offline and under that it have a money price like what the hell not kind of good 👎👎 but still I'll give it 3 stars,9.1.82.2161,0,"Hi Rosa, thanks for your feedback. Could you try logging out > restarting your device and internet connection > logging back in? If that doesn't work, you can reach out to our Customer Service by searching ""Contact Us"" at support.spotify.com, and they'll be glad to help.",Spotify
21638596-b9c7-4d1e-8bad-60dadc5f242d,James Guthrie,1,2026-09-19 01:24:07,My account got banned for no reason and I was told they cant explain why,9.1.82.2161,0,"Hi James, we hear you. We'd like to get some more info about this so we can look into it for you. If you have the time, you can reach out to our Customer Service at support.spotify.com/contact-spotify-anonymous.",Spotify
e01ba25e-e746-4bfa-9eec-b7268f7e8ccb,Swaraj Jagtap,5,2026-09-19 01:21:39,best app for free music listening. must have!,,0,,Spotify
0b6fe666-9469-4b52-8468-b14887cc1503,Ernest City Msiqocity,5,2026-09-19 01:21:08,👍,9.1.82.2161,0,,Spotify
c97bc9d6-501d-4ac5-9b11-31c29d62ef9a,TRG Sunny,5,2026-09-19 01:19:05,good app,,0,,Spotify
9a1dc2e4-a105-45d8-958c-c1525f63fa41,Alejandro Thompson,5,2026-09-19 01:17:58,best music app by a landslide,9.1.32.2083,0,,Spotify
235c1100-3ed3-4ce8-bc3e-249dbbf663da,Blessy Tanes,5,2026-09-19 01:17:39,it's so good you can find your fave song here it's free! come and try it out!!!,9.1.80.2221,0,,Spotify
5ad4c203-0035-4784-a7d5-6568383dc2ff,Fazlur Rahman,5,2026-09-19 01:17:23,the best aap,9.1.80.2221,0,,Spotify
57f37fd3-9631-4ecb-a266-69a1ce0be8cf,Zahoor Ahmadjoiya,5,2026-09-19 01:14:01,zahoorahmadhoiya 5sstar,,0,,Spotify
d3904958-5ae7-481d-b250-880cfa7645a4,Koinu Yare Mina,1,2026-09-19 01:13:11,"unauthorized charges and fees, too much for a student.",,0,"Hi, we hear you. We'd like to get some more info about this so we can look into it for you. If you have the time, you can reach out to our Customer Service by heading to support.spotify.com and searching ""Contact us"".",Spotify
57a916ee-9fa9-4fbe-8c4c-a76d1e68ed5a,Jaffar Azeem,5,2026-09-19 01:12:18,very helpful app,9.1.82.2161,0,,Spotify
00798998-16da-4daf-b56b-9490d2464eee,Arjun Shinde,5,2026-09-19 01:11:40,give me free subscription,9.1.80.2221,0,,Spotify
21f10c93-4af8-4b54-bce9-069f494bfd87,Abubakar Rajput,5,2026-09-19 01:11:15,best aap for song,9.1.82.2161,0,,Spotify
0cd547c2-b4c5-44fb-b06b-597a46809b62,Autumn Morrison,5,2026-09-19 01:09:35,its really Smooth I can hear my music,9.1.82.2161,0,,Spotify
5c9659a2-8f11-4bf9-a7d2-239a78af5368,Gundelino Sobrevega,5,2026-09-19 01:08:18,I enjoy listening. Great music platform.,9.1.80.2221,0,,Spotify
557ab693-1e10-4f67-b061-18c513e91ae1,Dragan Pezo,5,2026-09-19 01:06:03,Excellent👍,9.1.82.2161,0,,Spotify
599936b7-c53a-4e15-975c-8ae6e14d8802,Mr Ranajit,5,2026-09-19 01:04:20,nice App,9.1.82.2161,0,,Spotify
5b8b4939-8925-48ec-91b1-fd325dad2e0a,Omkar Patel,5,2026-09-19 01:03:14,good app,9.1.82.2161,0,,Spotify
165141bf-b10f-4ef3-8c46-ea709e290d57,Sachin Sachin,5,2026-09-19 01:02:14,super,9.1.82.2161,0,,Spotify
06fed656-90c7-461e-bd7e-f25f9d834762,Chiquita,1,2026-09-19 01:02:08,I shouldn't have to pay for premium to enjoy using your app🤦🏾‍♀️🤷🏾‍♀️,8.4.66.733,0,"Hi! We’re sorry to hear this and we’ll pass your feedback along to the Ads team. For an ad free experience, we’d recommend checking out our Premium plans. If you’ve never had Premium before, you should be eligible for our trial. You can also check out other deals by heading over to spotify.com/premium.",Spotify
265ffdc1-35ec-4ff8-ac43-ebe346b14b87,Vikas vishwakarma,4,2026-09-19 01:00:28,. best app in Song,,0,,Spotify
d9a44a38-4597-4b69-a410-56177f7c2738,Rangan Potty,5,2026-09-19 00:57:46,good app i lile it,9.1.82.2160,0,,Spotify
326f9d87-8486-4b7f-9873-f6d3509f4ecb,Sammy J,5,2026-09-19 00:55:49,Excellent,8.9.46.426,0,,Spotify
85b38ec1-0397-4ba9-af94-0cc2b99f1d7f,Ravindra Thakur,3,2026-09-19 00:52:22,Best song app,9.1.82.2161,0,,Spotify
bced31a2-8868-4cf2-b602-2f1c65a101ba,Andrew mpharo,5,2026-09-19 00:51:34,I have had so much fun,9.1.80.2221,0,,Spotify
bc8223b3-ab97-4d43-a09b-a4266e0da61b,Nosiphiwo Charlie,5,2026-09-19 00:49:06,I find any music I want,9.1.82.2161,0,,Spotify
202d8b6a-c2b5-4381-9956-1881f8f9330e,syahmi hazim,5,2026-09-19 00:48:38,App ni boleh la buat saya galau 🤩🤩🤩🤩🤩🤩,9.1.82.2161,0,,Spotify
ed428248-b184-4491-91ad-8ce2099ca052,Vansh Gujral,5,2026-09-19 00:46:41,nice application,9.1.82.2161,0,,Spotify
ca026d15-81a2-4e28-aa0f-0a11efef8730,Anaya Farhan,5,2026-09-19 00:45:29,this app is just amazing. i am just in love with this and plus point this app provides you lyrics for every song and every song quality is also excellent 👏so yes i would rate it 💯,9.1.82.2161,0,,Spotify
ff0e3290-9aab-4dcb-9707-d0120aa56027,Toseef Khan,5,2026-09-19 00:44:55,tih,,0,,Spotify
736da525-28ed-4c93-b292-2a73df6a59a2,Jacob Mupakurirwa,1,2026-09-19 00:42:34,Vibe,9.1.80.2221,0,,Spotify
48fa4759-40b6-4f66-8eb9-a9b01187205d,Amin Lotfi,5,2026-09-19 00:36:02,"works smoothely, easy switch between devices and great audio books",9.1.82.2161,0,,Spotify
7082f1cb-6b29-4b26-8dc5-d23e7215f905,DeAndre Gulley,5,2026-09-19 00:35:28,Mane Fawkkn Awesome Eargasmic Shyt!,,0,,Spotify
6f79ff04-3935-4d0d-bdc6-ad5d542ab164,Kunal Prajapat,5,2026-09-19 00:35:05,gyi a,9.1.82.2161,0,,Spotify
beedad1f-9f7c-4492-aa00-595a473f2daf,Ayush Mishra,5,2026-09-19 00:33:02,op😁,,0,,Spotify
8d430961-7383-4622-9f7a-2dc9040c5174,Biruk Zelalem,4,2026-09-19 00:30:15,basically the most important thing in my phone,9.1.82.2161,0,,Spotify
7bf410ac-dd2d-44b2-b549-a6aa777d2315,Bonnielee Corkle,5,2026-09-19 00:30:09,ALWAYS LOVED IT 5YRS NOW 69 NOW,9.1.78.2218,0,,Spotify
11acd64d-fbb6-46d2-9211-0607a0a2aa01,Yasirkhan,4,2026-09-19 00:29:59,ok ok,,0,,Spotify
07d18c21-20b7-450a-a3f6-465301dbaef3,ramya mani,1,2026-09-19 00:29:16,always in middle of songs it leaves a pause and skips to the next song and even in that it does not play it properly😡😡,9.1.80.2221,0,"Hey there! Have you tried a quick reinstall? If the same issue persists, we'd recommend reaching out to our Customer Service at support.spotify.com. Just search “Contact Us”.",Spotify
ba8cf5c2-93db-48ea-a8f5-f931422d871d,Amti Fakir,5,2026-09-19 00:24:24,nice,9.1.82.2161,0,,Spotify
e19dce94-667c-425c-a648-9e8270539a3b,Kusum Prajapati,5,2026-09-19 00:23:25,good App,9.1.82.2161,1,,Spotify
c83db919-18ca-4de2-815f-ede8ac0237f0,Francis Cantor,1,2026-09-19 00:22:10,The free tier sucks now,9.1.80.2221,0,,Spotify
c0a9eaa3-00e6-46f6-a5b4-9b5b8d4e33a8,Muzakir Khan,4,2026-09-19 00:20:34,"I love Spotify while doing homework, house chores getting ready. The only thing I hate is my playlist can't be played continuously without the premium 😭😔and ads are way too irritating.",9.1.82.2161,1,,Spotify
aa35098e-5be1-4bb1-9956-6c126167c23a,Rahamat Sk rahamat,5,2026-09-19 00:19:24,best app,9.1.82.2161,1,,Spotify
93798be8-3b7d-4c52-953e-2ad90f63aa6b,LAKSHMI GUNDAWAR,5,2026-09-19 00:18:56,best listening song in the world,9.1.82.2161,0,,Spotify
4624ca1f-3592-455f-8c5b-6450eee0c866,Samina Akther,5,2026-09-19 00:18:37,a nice app containing all type of song it's a good with Spotify 💘,,0,,Spotify
4ef286e8-7c24-419a-8c32-4319ac17e76a,Suraj kushwah,5,2026-09-19 00:18:20,good app,,0,,Spotify
aeab9ff1-d54c-4fa5-9aeb-45f59dd2f24e,Eric Brimlow,5,2026-09-19 00:17:37,exceptional,9.1.80.2221,0,,Spotify
3ccaf2f3-0537-43b5-ab76-19648034b59f,SpkMahachi Mahachi,5,2026-09-19 00:13:56,great,9.1.82.2161,0,,Spotify
f0452355-63e6-46e0-9340-6d92b9ac8189,Mark,5,2026-09-19 00:11:02,no yeah its actually good. I've always used them and love them,9.1.78.2218,0,,Spotify
654a7710-a258-4d9a-af22-3b4b4da2df20,Utkarsh Yadav,5,2026-09-19 00:09:54,beast app,9.1.82.2161,0,,Spotify
224d71a3-0cf2-4373-8451-e26d179ec3a6,Avier Khoo,5,2026-09-19 00:08:00,"honestly top tier music, still the best option..kinda like a monopoly but still good..just the premium price.",9.1.82.2161,0,,Spotify
7c9c585e-e3ca-4b01-877b-87cfa8330133,Carlos Solano,5,2026-09-19 00:07:45,no tienen anuncios,9.1.82.2161,0,,Spotify
f9ffe609-81b3-4a36-a513-813c2c13e7b8,[ BLANK ],1,2026-09-19 00:07:30,"I will now, every month, until they fix this app, continue to say only one thing. 0 stars",9.1.34.2060,0,"Hi. We'd like to get some more info about this so we can look into it for you. If you have the time, you can reach out to our Customer Service by heading to support.spotify.com and searching ""Contact us"".",Spotify
53f94187-2556-4b46-90c9-6c5146d17654,Arbert Mas,2,2026-09-19 00:07:21,Does have issue often.,9.1.80.2221,0,"Hi. We'd like to get some more info about this so we can look into it for you. If you have the time, you can reach out to our Customer Service by heading to support.spotify.com and searching ""Contact us"".",Spotify
d3331842-af09-4bdc-a65b-4fc92d1ef409,Kisalay Yadav,5,2026-09-19 00:07:04,excellent,9.1.80.2221,0,,Spotify
060e3030-ac63-4b30-b81c-7bf4d9892e57,Larisa,5,2026-09-19 00:06:03,it was overall great! no bugs less of a hassle and its always nice to listen to things without the fear of ads or worse copy right for listening to a song.,9.1.80.2221,0,,Spotify
b4a46f62-a96d-4c41-bd16-3acc3b9be30a,Ayush Choudhary,5,2026-09-19 00:02:47,good,9.1.82.2161,0,,Spotify
3931b4d8-abbd-4778-958f-1b4f29ab793e,Anantharao Kasina,5,2026-09-19 00:02:22,good,9.1.80.2221,0,,Spotify
45425039-b662-47a1-8c08-ea6bf43bc00a,Vinod Pal,5,2026-09-19 00:00:47,best experience,,0,,Spotify
f343b246-81a7-4159-a6a6-e7a58eff122b,Annika Swanson,5,2026-09-18 23:58:45,"I love you guys so much, I've used Spotify for 10 years. The ONLY way it could be better is adding BPM to ALL songs, I got so excited I just saw that you did it to a couple of them!!! But it's how I've started organizing some of my Playlists, if you could start adding that to all of them I'd be sooooo happy. But in the meantime of course it is easy enough to organize my song order anyway",9.1.80.2221,0,,Spotify
5dedba20-4245-43b2-a4a1-0d30417fa5cf,Rishaan Singh,3,2026-09-18 23:58:42,"at first the app was good, but now they made pretty much everything a feature only accessible from premium",9.1.80.2221,0,,Spotify
06dbb00f-5080-4d03-8817-c0f5b9e3e371,Veerkaran Bindra,5,2026-09-18 23:57:59,best experience,,0,,Spotify
3ffa2765-f26a-4aaa-a59f-a1bfa9b350f1,Viyom,5,2026-09-18 23:57:03,very good experience 👍👍,9.1.80.2221,0,,Spotify
d11849f3-9b23-40c4-8ad8-94a51f3e9d0f,VioTrio 2407,5,2026-09-18 23:51:31,nice but I liked the time where we got 3 or 6 months of premium for like rupees 99 ads sure are annoying but amazing,,0,,Spotify
89ca0e13-da3c-46ee-b3ab-5f9697c64894,Paul,2,2026-09-18 23:50:45,What the hell is going on with shuffle?! Completely broken.,,1,,Spotify
9ecc2998-f8ff-44ba-a80b-d022f10ae84d,Kabita Dash,3,2026-09-18 23:50:45,ok,9.1.80.2221,0,,Spotify
58f3f4d4-8277-4388-b22a-2d1b4a0fe8b6,Nalin Prajesh,5,2026-09-18 23:50:44,good,9.1.78.2218,0,,Spotify
489353d0-fd64-420c-82fd-809e14402651,Karabo Monamodi,4,2026-09-18 23:47:22,Great,9.1.80.2221,0,,Spotify
ddf2dfd5-843c-4def-9761-f07ae18eeb49,Pathar Ketan,5,2026-09-18 23:45:58,best aap,9.1.82.2161,0,,Spotify
f267c273-bf9b-428c-a4aa-b0315ff2e0ae,ayaz ali,5,2026-09-18 23:42:39,I like Spotify it so much good,,1,,Spotify
cd060b49-aec4-4de0-a4c9-d95824bcd423,pipe bomb2,5,2026-09-18 23:42:27,havery,9.1.80.2221,0,,Spotify
35cf43f8-a6e1-4db9-9bbc-0d4677fe92e0,Musundi Egesa,4,2026-09-18 23:38:57,"Nice, may you add videos too kindly.",9.1.80.2221,0,,Spotify
5150eadc-db7b-4836-ab18-3726a67a50f4,Angeline Tafiangel,3,2026-09-18 23:38:46,Thanksgiving mass growth fast for your help today 😁🙏🏻,9.1.72.1891,0,,Spotify
321bfed5-7c1d-4617-9b47-f7df4d7fe802,Bp Gutierrez,5,2026-09-18 23:34:19,The best thing in the world,9.1.76.2055,0,,Spotify
06fc3d1f-7450-447b-9f46-236b1a997b13,Aryan Zill,5,2026-09-18 23:34:00,good,9.1.18.1504,0,,Spotify
b740ed94-d797-4172-91c7-56d08b1f9f42,H-bomb Boomer,5,2026-09-18 23:28:35,awesome love music.,9.1.78.2218,0,,Spotify
7c5a0311-8ccd-48a2-8059-32b633989acd,Lukarsh BW Mateyu,4,2026-09-18 23:27:42,"it's a good app, ndaikonda",9.1.82.2161,0,,Spotify
31a0f6e7-f872-419b-97f9-c2534be72a09,Ikhsan Widi,2,2026-09-18 23:22:20,kapitalis banget anjir,9.1.80.2221,0,,Spotify
24f82e5c-29ec-465e-9806-8c73c7351e06,xian reyes,5,2026-09-18 23:21:09,Ikaw ako sila tayoooo ikaw ay ako at sila tayoo daratdadararatdararara daratdaadararara darat daa dararata,9.1.80.2221,0,,Spotify
4e957eb0-d5fd-41f2-85b7-28f3232b70cb,Biswajhi Majhi,5,2026-09-18 23:20:10,Bast app,9.1.82.2161,0,,Spotify
83cd1229-8eb5-4f62-9508-1a76612d454a,Iggy Espinosa,2,2026-09-18 23:18:15,"I can't enter the password even though it's correct,this is rigged,fix this problem pls",9.1.82.2161,0,"Hi Iggy. If you're having trouble logging in to your Spotify account, we’d recommend checking out “Can’t log in to Spotify” at support.spotify.com for some handy tips. If that doesn't help, you can also reach out to our Customer Service at support.spotify.com/contact-spotify-anonymous.",Spotify
1542b101-a79a-4744-80c0-69b916cd795a,Raven,1,2026-09-18 23:16:13,"it doesn't give free users the loop button, puts it on a queue you can't even see or control so you don't have your playlist anymore and the only good thing is you can listen to it outside of the app. i keep going back just to play the next song in the playlist. sorry for not having a job/being broke/literally having school I guess. nobody wants to pay for an orderly playlist and it gets annoying really quickly.",9.1.80.2221,0,,Spotify
9139f2ff-36dc-4db0-bf76-4e5fd5f2287f,Uttam charan Beura,5,2026-09-18 23:15:06,Very good 👍🏼,9.1.80.2221,0,,Spotify
bc4ce3c2-3659-4e14-ab34-3375ec0c8169,Shannon Goosen,3,2026-09-18 23:07:35,great app aside from 3 things: 1. Shuffle is rubbish 2. The new mobile widget keeps breaking 3. you can't manually arrange songs up and down on a playlist i.e. move older music in a certain playlist closer to the top,9.1.82.2161,1,,Spotify
f98f4528-86e0-43ba-98c7-c8612646f993,:{ Arnav,4,2026-09-18 23:04:21,its sooo good but the ads are just to much,,0,"Hey. We hear you and we'll pass your feedback along to the Ads team. For an ad-free experience, we'd recommend checking out our Premium plans at spotify.com/premium. If you've never had Premium before, you should be eligible for our trial.",Spotify
8c92d266-d3ff-480e-a154-d9cde21b3b86,Johari Vlog II,5,2026-09-18 23:03:56,good,9.1.68.1888,0,,Spotify
e13dab8b-4759-4a52-9a76-88939fb0981c,Kshitij Dhimdhime,4,2026-09-18 22:59:33,"I have nice experience this is best app for listening 🎧 song,music, podcast,etc.",9.1.80.2221,0,,Spotify
7daf5972-686e-46ea-b421-97eab35bb4a2,Ravsaheb Kad,5,2026-09-18 22:58:31,I love this and I can't live without Spotify 🫴🤏🤌🤭😭😭😭,9.1.82.2161,1,,Spotify
f70fc0c8-0d5d-4645-b8f6-98c42d3abfeb,Ave Somoso,5,2026-09-18 22:44:40,Soo amazing and Soo fantastic day,9.1.82.2161,1,,Spotify
66df1d65-ad45-4e5d-b584-2f932e7690a7,Jasobanta Majhi,5,2026-09-18 22:44:29,Nice Music,9.1.82.2161,0,,Spotify
8635f205-255e-4b90-a0bc-e13d216a377e,Kiran Dubey,5,2026-09-18 22:40:11,nice to use and all good 😊,9.1.80.2221,0,,Spotify
ad76a901-87e7-4195-9bea-4614b9d266dd,Simon Letlhogonolo Nhlapo,5,2026-09-18 22:39:07,I have been using this platform for more that 10 years plus. enjoying music availability on it.,9.1.82.2161,0,,Spotify
b115bd83-7aa9-4415-9d86-6b7c71a0a462,William Bentley,5,2026-09-18 22:37:41,no ads,9.1.76.2055,0,,Spotify
0d19f2b0-9f1b-4765-b23e-5e5fab7d0d91,Cleverly Raphael,5,2026-09-18 22:37:18,great,9.1.80.2221,0,,Spotify
baf4b52d-bc3e-4838-b3ba-b88449047395,Muah Fadd,1,2026-09-18 22:34:42,I just got a new update I now ca only listen to music for a certain amount of time a day or I need premium ibused to be able to vibe and chill even though I got an add every 2 songs (yes I counted)I can't even play any more music I choose,9.1.82.2161,1,,Spotify
ee226788-d461-4d64-9dd8-a8dc18de908a,Ankit Tyagi,5,2026-09-18 22:33:45,bhaiya update lao 2026 September October November,9.1.80.2221,0,,Spotify
6f72a04b-3fe6-46ff-8f30-813989273a94,Abhaya Sagar m,5,2026-09-18 22:32:56,best music app,9.1.80.2221,0,,Spotify
8571a2c1-029a-4e63-8854-5adc88c56bfe,Liliana Rodriguez,5,2026-09-18 22:31:44,best music app ever,9.1.82.2161,1,,Spotify
d8f40441-846c-4bb7-9053-41ecd7535052,Genesis,4,2026-09-18 22:30:50,laggy,9.1.80.2221,0,,Spotify
8e173745-11a1-4fe0-8d56-34e05d85e099,Vinay Patel,1,2026-09-18 22:27:18,too many adds,9.1.82.2161,1,,Spotify
cebe8f59-267d-44de-92e1-4d68e23efc09,Mayur Hariyani,5,2026-09-18 22:26:03,useful app,9.1.82.2161,0,,Spotify
fbbf01b2-7b05-411b-84e5-0cf29691fb37,My Boy,3,2026-09-18 22:26:01,bast song,9.1.82.2161,0,,Spotify
dd057c74-ed08-4cc5-a20b-3b1c885dadfe,Irene Kamau,5,2026-09-18 22:23:01,"very good, I enjoy my collection",,0,,Spotify
6c6fa87e-def5-42e9-995e-83c2ab0dc51d,VIP Kabishan,5,2026-09-18 22:19:43,nice very good,,0,,Spotify
fa8a8a9f-f90e-46e8-9cf1-fb708907a844,Hemalata Teli,5,2026-09-18 22:14:20,very good app,,0,,Spotify
d084f40c-aecd-4f6f-a250-0dbb039db665,Bhanwar Singh,5,2026-09-18 22:12:53,op nice,9.1.82.2161,0,,Spotify
ce849075-f20c-4556-b946-d509e369476e,Axyn,1,2026-09-18 22:08:22,fix the glitch thats making my Playlist skip through songs!!!!!,8.6.84.1240,0,"Hi. We're open to feedback, and we'd love to get some more info about this. If you have the time, give our Customer Service a shout. You can find them by heading to http://support.spotify.com and searching ""Contact us"".",Spotify
668d642b-b767-4085-932c-dc6f2dc74744,Jitendar Kumar,5,2026-09-18 22:06:46,Best app,9.1.80.2221,0,,Spotify
88caea45-20ef-480c-afe7-2a09d9520d3f,Sonu Dhusiye,5,2026-09-18 22:06:01,nice,9.1.80.2221,0,,Spotify
7ea3a6c9-82be-4e63-a0a0-7348ed458137,Parmar Virendra,5,2026-09-18 22:05:04,best play music 🎶 app,9.1.80.2221,0,,Spotify
de5c14d6-9bab-416a-8e64-4b3ea05287ab,Kadam Kha,5,2026-09-18 22:04:21,Ami jani kaniya mar ligiones oldiyar ⛵ syestem ami mini g omam8 kano jani amader gaan Bangla like share comment korba naki Ami tumake ami tumake chara ami jani নিওনেস the same day yeh to look at my pesiones ki kora ki Daya nand Kishor and any attachments are handled all of the winter soldier 🪖 to wo ki kora to wo ki rahon par ki khobor bala saheb bandagi saheb ko maja aaya ki khobor ta subscribe and the world 🌍🌎 hai na ki Daya hai na na tumhare pyar Ho jata hai then I am oyelo to look into it,,0,,Spotify
a59f5138-6ea8-41ba-9a14-c36cd40bec35,Anita Makwana,5,2026-09-18 22:03:10,explore premium mein Thoda Sa 😔😔🙄🙄,9.1.80.2221,0,,Spotify
e4f1e42d-f2d8-4917-a4ae-05e1b2ff0251,Ayan Khan,5,2026-09-18 22:01:41,very good,,0,,Spotify
58c032e5-c76a-49fe-9183-0797ee61d8c3,Kavitha Chinnasamy,5,2026-09-18 22:00:01,what a lucky charm i got 💖..... 🫠,9.1.78.2218,0,,Spotify
2c4ae40f-45be-4a3a-b104-66f75cd97ee3,Shayna,1,2026-09-18 21:57:33,mobile version has too many ads and won't let you actually choose what songs you want to listen without buying premium.,9.1.80.2221,0,,Spotify
cb179a1b-4331-4f28-923a-f9baed181c21,Mahal Simran,5,2026-09-18 21:56:49,phenomenal,9.1.80.2221,0,,Spotify
edcf3c38-4aa4-4fe1-b134-f7af38e31e31,Brandon Bavister-Dwyer,1,2026-09-18 21:51:19,if I had any other options I would take it,9.1.80.2221,0,,Spotify
db2a8415-3f30-4317-99bd-ad2853d3c2cc,Satya Prakash Tripathi,1,2026-09-18 21:51:12,so many adds they frustrated me by adds take youtube premium you get both video and music,9.1.82.2160,0,,Spotify
eed28c1b-2b5c-4bb2-a87d-474f1b27a0f5,Jared,5,2026-09-18 21:49:24,This is a really good app to listen to all your favorite music and it has it all and it makes me so happy to see I can listen to what I want when I want with cheap premium it's always a good time.,,0,,Spotify
90ea7614-2f77-4564-9602-b70d47733a48,Michael Lokia,5,2026-09-18 21:48:31,"I just , love that they let us use premium for 1 month",9.1.80.2221,0,,Spotify
7c284a73-6176-4ff9-8aa7-a22cc4d1e8c2,Ghamda ram Choudhary,5,2026-09-18 21:47:53,best app,9.1.82.2161,0,,Spotify
667f9a0d-d69a-4758-8fc1-d2ed1ebb6291,Akhil Morka,5,2026-09-18 21:46:35,op,9.1.82.2161,0,,Spotify
8707f278-17c6-4232-81e1-446eb34d1f12,April Borneman,5,2026-09-18 21:43:12,it helps a lot,9.1.82.2161,0,,Spotify
b062f859-9803-47ab-b535-508eb7da11d8,Joey Errera,5,2026-09-18 21:42:06,AHHHHHHH,9.1.80.2221,0,,Spotify
2a5d23a4-fa77-4693-8a9c-01a6dd91602c,Harendra Kushwaha,5,2026-09-18 21:39:30,best music app aur ismein koi jarurat hai aur bahut achcha app Hai kuchh koi bhi gana song sunane ka man kare ho to spotify sare song Mila De,9.1.82.2161,0,,Spotify
d7aa8cb5-9ba7-49be-a2c5-04ffb7aa04d2,Enzo Cruz,4,2026-09-18 21:39:28,the music is good everything is good the only thing is the PRICES FOR THERE SUBSCRIPTION IS OBSURED AND THE FAMILY PLAN I NEED THAT,9.1.80.2221,0,,Spotify
019d2dba-972b-4ebd-b8ed-69542a4216c5,Ramon Flores jr,1,2026-09-18 21:32:33,Too many Bugs. So I just deleted it and I Can't enjoy my Vibes no More.,,0,,Spotify
d5c786c8-03c8-45c6-8c0c-674668ffd859,Rajwati Devi,5,2026-09-18 21:32:15,piyush ji ne kaha se,9.1.64.1676,0,,Spotify
70d30639-dea5-4018-b872-5c3d1ef10f54,Kenzlie Collins,1,2026-09-18 21:29:43,"honestly, this is so stupid! Whenever I use my iPad, I can pick my own songs without it making me pay to listen tomorrow, it doesnt force on shuffle, but it crashes when i have in earbuds and the worst part ITS THE EXACT OPPOSITE FOR MY ANDROID! LIKE EVERY SINGLE TIME I TRY TO CLICK A SONG, IT TELLS ME TO WAIT FOR TOMORROW! IT FORCES ME TO STAY ON SHUFFLE AND IT ONLY GIVES ME 6 SKIPS EVERY HOUR! THIS IS INSANE! AND THE AMOUNT OF ADDS ON THIS IS INSANE! THIS APP IS TERRIBLE",9.1.82.2161,1,,Spotify
f1a9ebdb-5569-404d-a3f5-1774c97a70ff,Mohamed Aarish,5,2026-09-18 21:19:03,👌❤️,9.1.76.2055,0,,Spotify
8a7d2b82-244e-4f7b-aaf3-0239229b9066,Jacob Seaney,1,2026-09-18 21:16:35,"Basically a radio station if you dont pay, can't even make a Playlist. no thansk👍",9.1.52.1394,0,,Spotify
38b76f82-0850-42f2-9cd8-b9684ad52d9a,Liam Kuc,1,2026-09-18 21:16:09,the place where you have to pay to skip adds if you have a play list your listening to it just makes you listen to songs that are not in it worsylt app ever,9.0.84.1340,0,,Spotify
aa2bd37d-47dd-497a-a6ee-65c424db6800,Chef Marcel Anieke,5,2026-09-18 21:10:39,nice music app,9.1.80.2221,0,,Spotify
db63048c-6a65-4dc2-a1be-1cef96c8ff40,Tajuddin Ali,2,2026-09-18 21:08:45,avrage,9.1.82.2161,0,,Spotify
718ce40e-c6b7-4f51-b941-d36487328df8,The Laszlo,5,2026-09-18 21:06:45,incredible great app,9.1.80.2221,0,,Spotify
6382d995-3a1a-45f0-91ec-803ec0c50f56,Masonwabe Ngonyama,5,2026-09-18 21:06:22,inspiring app to use for everyone interested on music 🎶,9.1.82.2161,0,,Spotify
8a001ad2-9e6b-4ed6-bcd8-c5c4e91ed9f7,shilpi singh,4,2026-09-18 21:06:10,too much add,,0,"Hey. We hear you and we'll pass your feedback along to the Ads team. For an ad-free experience, we'd recommend checking out our Premium plans at spotify.com/premium. If you've never had Premium before, you should be eligible for our trial.",Spotify
5b579f2b-5ab8-444e-8512-73874c6baec1,Ally Letren,5,2026-09-18 21:05:40,SO GOOD I NEEDED THIS BRO WHERE WAS THIS?!?!¿?!?,9.1.80.2221,0,,Spotify
8e729fbd-95c2-4af0-9eda-278b29eef32a,Rob Depp,5,2026-09-18 21:03:02,great,9.1.80.2221,0,,Spotify
00130728-abaf-44e7-aa0d-d9543421d259,eden,1,2026-09-18 21:00:42,i want the 1 year one time payment plan back please 3 month isn't enough,,0,,Spotify
cb687137-3bd3-459d-8519-4921692ecd11,Meryl Gabriel,5,2026-09-18 20:58:04,🚺🎵♿️🚻🧩🟩🟩💚🧩🟢💚💚🟩🍏,9.1.82.2160,2,,Spotify
4ca08548-c508-4f01-86da-6a0359536c05,Mike Stewart,5,2026-09-18 20:57:32,"Love using Spotify, easy to navigate and I listen to a lot of different genres, from Reggae thru to Soul Blues, Old School to Hip Hop & others . . . Fantabulous ☝️",9.1.82.2161,0,,Spotify
f8489ef8-0bc7-4599-b2a3-3c533ace0767,Vinod Vinod,4,2026-09-18 20:55:27,ads are there but it is good,9.1.82.2161,0,"Hey! We hear you and we'll pass your feedback along to the Ads team. For an ad-free experience, we'd recommend checking out our Premium plans at spotify.com/premium. If you've never had Premium before, you should be eligible for our trial.",Spotify
0a37fdfe-7869-4434-89d8-987daf8915d8,Chevelle Pineda,1,2026-09-18 20:54:36,These ads murdered my family.,9.1.80.2221,0,,Spotify
86cc4187-7e89-4760-970b-158cfba037d2,jeffrey morris,5,2026-09-18 20:54:32,brilliant 👏,9.1.82.2160,0,,Spotify
a9dce38b-4b21-4f51-91dd-bc328b6471d6,Samsul hoque Barbhuiya,5,2026-09-18 20:52:40,I love Spotify💝,9.1.78.2218,0,,Spotify
4c6bb894-baf2-4ef6-9bc0-f2c73bd1bec0,Ramesh Meravi,5,2026-09-18 20:52:08,👍,9.0.2.459,0,,Spotify
46ac0c1a-6494-4072-ba73-3b64ad56106b,Dr.V.Nirmal kumar,5,2026-09-18 20:49:17,Great experience,9.1.80.2221,0,,Spotify
db97a5fc-7f03-4654-b82a-c8da7a42f463,KALYAN S,4,2026-09-18 20:48:37,this app is awesome but it takes a premium too much but it is good I will give it 4 stars I will give it 5 stars if they do not give a premium too much,9.1.82.2161,0,,Spotify
a26870b0-82df-477b-adf3-011af99922f6,Susan DeCourcy,1,2026-09-18 20:43:06,"I am a long-time user, but in the last couple of months the app has started glitching and crashing whenever I use it in my car. And in my car is the main time i want to use the app. I will cancel my family plan at year end if they don't fix this bug.",9.1.80.2221,0,"Hi. Have you tried a quick reinstall? If that doesn't help, we'd recommend reaching out to our Customer Service at support.spotify.com. Just search “Contact Us”, and they'll be happy to help.",Spotify
762c1964-e283-4d7e-b155-8a134f09110c,Althea Mallari,1,2026-09-18 20:41:31,"""I love Spotify, it's a very good app to listen too❤️"" Is what I said before, now Spotify is getting greedy. It requires premium to literally choose songs, basic things.",9.1.80.2221,0,,Spotify
04dafbd6-ce13-4278-8768-d0215bf15bef,Ram pandey,5,2026-09-18 20:36:49,best app,9.1.80.2221,0,,Spotify
4ae6cedc-b96e-4b4a-9f82-c450673a6b30,Himanshu Singh,5,2026-09-18 20:32:33,bhai satan vala gana best ha bas mujhe seppling diel karne nahi aati????????????????????????? nahi mom,9.1.82.2160,0,,Spotify
a47eb4e3-761f-4ced-960f-0a31b79cc189,Benjamin H,1,2026-09-18 20:32:08,The amount of bugs and issues is beyond ridiculous. with each update ot only gets worse. Extremely long load times. It take absolutely FOREVER for this app to fully load. Once it is you better stay in the app or it will need to fully load in again before you can pause or start your music. Even though its supposed to be playing in the background it has to render the app again for what feels like minutes. This isnt a me issue either. I've had issues on multiple devices and internet connection.,9.1.80.2221,0,"Hey there! We understand your concern with the app. Have you tried a quick reinstall? If the same issue persists, we'd recommend reaching out to our Customer Service at support.spotify.com. Just search “Contact Us”.",Spotify
f201454b-3394-4b65-ae77-b11eec3dca94,Cameron Thomson,5,2026-09-18 20:29:24,"The platform feels both professional and handmade, with features that realistic music lovers might enjoy. The free version has some annoying quirks, but honestly, for the quality, it's really good, especially considering that the ads are way better than YouTube.",9.1.82.2161,1,,Spotify
6211e706-79ce-44ec-8a1f-31b91173db50,Elijah,5,2026-09-18 20:27:01,I love this app so much,9.1.80.2221,0,,Spotify
3730febe-ad87-4291-b4f3-d9b220cbdf2e,Chathira Rathnayaka,5,2026-09-18 20:26:40,🔝,9.1.78.2218,0,,Spotify
024a7588-0396-49ac-8359-2c5e47d18fe9,Aaryan BAWA_001,5,2026-09-18 20:25:44,this is nice app,9.1.80.2221,0,,Spotify
307dfb92-1353-4b72-8bbc-c13558c20845,Patricialyn Veal,5,2026-09-18 20:25:17,enjoyable,9.1.80.2221,0,,Spotify
83582f6a-542f-4358-8116-e0eff714c5dc,Abi Tamang,5,2026-09-18 20:21:31,wowww,9.1.80.2221,0,,Spotify
2028f475-b259-45ab-abf3-7b6143eb3a61,Niwesh Pandey,5,2026-09-18 20:20:05,idk but I literally love this🫶🤍,9.1.80.2221,0,,Spotify
4416e62f-7107-4847-a418-6b4c68abfaed,BARKI O.G.,5,2026-09-18 20:19:56,😉,9.1.80.2221,0,,Spotify
b765b6b1-d361-4409-9e75-6b7660f9dce5,Heather Hartwell,5,2026-09-18 20:17:49,I love it. one of the few subscriptions I dont mind paying for. I use it every day.,9.1.82.2161,0,,Spotify
4b1533b5-f968-47b1-ac69-032fb8799e4c,Ved Brillian,5,2026-09-18 20:16:30,Goated premium features.,9.1.80.2221,0,,Spotify
ffa13f22-314c-4111-8580-73e692a9919d,Silky Mishra,4,2026-09-18 20:13:44,It was very good app for music and I love it too,9.1.82.2161,0,,Spotify
86136193-9f41-4c23-8cc4-44d2fd6765b4,Kabhilaash Ebenezer,5,2026-09-18 20:06:50,IT'S COOL. NICE JOB,,0,,Spotify
4823d4e7-d139-4388-9ca6-daea7e08e64e,Ali Nawaz,5,2026-09-18 20:04:44,granny khelo granny suno,,0,,Spotify
1e3410ac-c34f-4816-b08f-e4a45ca88dd1,Jocelyn,4,2026-09-18 20:01:49,"well I don't like the ads, but music good, format good. I like 🤭(I'm texting like this because I want to btw)",9.1.80.2221,0,"Hey. We appreciate your feedback. For an ad-free experience, we'd recommend checking out our Premium plans at spotify.com/premium. If you've never had Premium before, you should be eligible for our trial.",Spotify
2c6a735a-241f-4cf2-9916-a821291085ec,FA Frost,5,2026-09-18 19:53:21,"My favorite listening app ever! If I could give more stars, I would. 100000/10.",9.1.78.2218,0,,Spotify
00dffc46-596f-41d5-b76f-caff7043c646,Rodrigo Jr Desphy,5,2026-09-18 19:52:32,great experience,9.1.76.2055,0,,Spotify
50c893d0-71b1-4b3f-9e18-ff284f2f6e27,John Rodriguez,5,2026-09-18 19:49:56,favorite music app,9.1.82.2160,0,,Spotify
d9447efd-c02f-4bad-b5af-0db00ed2e895,June Stobart,5,2026-09-18 19:49:52,excellent,9.1.80.2221,0,,Spotify
b6750277-647a-468d-bdfc-54fb1ed6b910,RR RR,1,2026-09-18 19:36:48,how on earth can an app which is essentially only a playback and people are paying an extortionate monthly fee for PERFORM SO UTTERLY ATROCIOUS. Spotify you are junk. The offline playback for the podcast section is and has been a defect riddled joke for years. its shameful how poorly you perform and do fk all about it while YOY it gets worse. can't wait until the mass exodus happens.,,0,,Spotify
06c0b618-60b9-4fda-8dee-73e2ce1707f8,Kumar Badal123,5,2026-09-18 19:22:40,nice 🙂 app,,0,,Spotify
86d55ada-fc96-4885-a91e-22e007ebed5a,Rakesh Maharana,5,2026-09-18 19:22:00,nice,9.1.80.2221,0,,Spotify
c190a36c-88e7-4dea-ae43-80231d3d49ff,elvirie,1,2026-09-18 19:21:23,"unusable without a subscription, AND with it. laggy and buggy",9.1.0.1147,0,,Spotify
2e0309a3-4700-48d0-9a1f-a1d70e76fd1c,Vikram Manhas,5,2026-09-18 19:16:01,the best app for ever,9.1.80.2221,0,,Spotify
1feea67b-7e73-4467-9ec1-7d9d0072f113,YONDZ.B,4,2026-09-18 19:15:33,best streaming app hands down. sound quality just needs to be enhanced to at least match youtube music (i'm a premium member on spotify),9.1.80.2221,0,,Spotify
2bc82995-a1b8-4d30-b5c5-c097ffe2fb6e,Rudy Barraza,5,2026-09-18 19:12:52,the best way to listen to some of my favorite songs,9.1.80.2221,0,,Spotify
e6f97c72-87c0-49cb-98c5-8863d50bc5b5,Lampard Mandigo,5,2026-09-18 19:12:45,best music app,9.1.82.2161,0,,Spotify
c2cbf8fb-7e5f-432f-9713-7c4f5a4d650f,Oladipupo Matthew,5,2026-09-18 19:10:45,Excellent 👍🏾,,0,,Spotify
28fc5e8e-98fa-42f0-9f25-94aa6b380686,Khloe (Klo),1,2026-09-18 19:09:08,Genuinely a horrible app to use if you're not dick riding them.,9.1.80.2221,0,,Spotify
a7b40cc5-e007-407a-8e3e-e729b10a73b5,Darren Colson (Aaron),5,2026-09-18 19:00:19,Spotify are brilliant I'd never change app these people are friendly and really helpful I can't say bad because they are great definitely recommend them thank you Spotify,9.1.82.2161,0,,Spotify
a8c176eb-f1b2-4893-a985-e826bd2f5dd7,MD Saiful Ahmed,5,2026-09-18 18:57:13,Super,9.1.80.2221,0,,Spotify
22c88227-786e-490a-b165-55f2e8f7ec4f,Andrew Skaggs,2,2026-09-18 18:55:16,"i love spotify but only 2 or 3 songs i get 5 ads even though it in an ad that i wouldnt be bothered for 15 minutes and its every 2 to 3 songs, it hits me with 5 ads, i really like this app but please just cut down on the ads",9.1.82.2161,0,"Hey! We hear you and we'll pass your feedback along to the Ads team. For an ad-free experience, we'd recommend checking out our Premium plans at spotify.com/premium. If you've never had Premium before, you should be eligible for our trial.",Spotify
1da53ae3-5f86-46ec-8bd7-1a97a3c5e204,Salvy Averil,1,2026-09-18 18:50:26,udah beli premium tapi lagunya diambil liriknya,9.1.80.2221,0,,Spotify
ba48c2e3-b5b0-42f1-923a-77198d93d595,Selma,2,2026-09-18 18:48:18,"The ads mad me mad. its genuinely getting ridiculous. no my mad IT IS RIDICULOUS. Any song i listen to, it gives me 4 ads. NOT 1 NOT 2 NOT 3 BUT 4 ADS. ITS INSANE. fix your godamn app.",9.1.82.2161,1,,Spotify
3b5e01c5-4f79-461f-bcc5-fc15dfbcfde8,Kerry Summerton,5,2026-09-18 18:46:57,"very easy to use, search for song or artist. love the suggested songs based on what you've chosen.",,0,,Spotify
2b172831-1beb-43ee-832b-e622572eb3e2,Maeve Luken,5,2026-09-18 18:44:06,all I can say is that it's really good for finding music that I 👍,9.1.78.2218,0,,Spotify
071fec4f-2ae4-4d79-a8aa-7e772b43dc7e,Chance Villarreal,2,2026-09-18 18:42:34,way too much ads after litteraly every single song there's about 4 ads sometimes 5 or 3 I would only use this app if your downloading for offline use or background noise but overall 2 stars only because you can make your own playlists with other songs,9.1.80.2221,0,,Spotify
6fd85130-e36b-4c77-9e88-1a2f37b21de3,Stephanie Ozenna,5,2026-09-18 18:41:43,I love Spotify ❤️. easy to use and understand..,9.1.80.2221,0,,Spotify
3d0d46ad-2e24-403d-82ad-ec9152d03f3b,Chanzeb Khan,5,2026-09-18 18:37:43,زبردست,9.1.82.2161,0,,Spotify
0bf4a13d-2710-473e-9bf9-0f6ed9fb5f0c,Eric Kelly,5,2026-09-18 18:33:34,very happy!,9.0.2.459,0,,Spotify
3cc66d7f-367e-4bc5-b0b5-21f5bb9212f5,Joseph Rivera,4,2026-09-18 18:33:04,app is great and i would love to see lyric translation for songs that are not in english,9.1.82.2161,0,,Spotify
ea055e6d-12fe-45e3-a952-d83d407d05a5,Sean Quek,5,2026-09-18 18:32:19,very good clear and smooth just that the ads are annoying,,0,,Spotify
ae6bc469-1d98-4158-b80e-29a6a01482aa,Anushka Priya,5,2026-09-18 18:23:31,very good app,,0,,Spotify
b6629141-29cb-47ab-a0c4-5696dd3164a6,Davette Robinson,5,2026-09-18 18:14:43,is so good no adds at all,9.1.82.2160,0,,Spotify
cb45eaec-b68f-4413-9369-27761b12d8ab,anem waem,1,2026-09-18 18:07:34,need more music 🎶,,0,"Hi. We appreciate your feedback. Our catalog depends on permissions from rights holders, and can differ between countries. To learn more, go to our Support Site at support.spotify.com. Just search for ""Missing music or podcasts"".",Spotify
5c18c1de-7e83-4f8e-8406-5d110b9fb848,Wiggles Wilson,5,2026-09-18 18:07:33,it's very easy to understand and very easy to select what you want thanks,9.1.80.2221,0,,Spotify
4b52a9ba-89c1-4692-8639-7c1ee19dc50a,Say,3,2026-09-18 18:03:14,cool but to much ads,9.1.80.2221,0,"Hi. Thanks for sharing this. We hear you and we'll pass this along to the Ads team. If you're looking for ad-free experience, consider exploring our Premium options at spotify.com/premium. If you haven't experienced Premium yet, you might be eligible for our trial.",Spotify
19d3b5e2-05ba-4580-b096-624d7d745717,Brittany Oriole,5,2026-09-18 18:00:49,Have been Spotify for over 2 years and now this past week it hasnt been working. I pay for premium and expect it work. Once fixed I'll change my review back to favorable,9.1.82.2161,1,,Spotify
9f5e5342-07fb-4c8b-b8c0-fb70f29ea412,Will Vande Werken,5,2026-09-18 18:00:47,"Amazing selection of music, all for free. very few tech issues",9.1.80.2221,0,,Spotify
54b6c015-77fb-4a62-9fe5-7265dec4dc88,Jon Dwyer,4,2026-09-18 18:00:47,could be better but its good,9.1.78.2218,0,,Spotify
dd82b10b-902f-4695-8073-0b95cc76ede0,Aliyu Mohammed,5,2026-09-18 17:58:12,save my access,,0,,Spotify
251bb88b-e3fc-405e-8f53-04f33922942d,Mariano Jimenez,4,2026-09-18 17:57:35,زظز واو وفوق لو ز وفوقز لف اا وة غ ف ان لف ت وف و و ز فظ,9.1.80.2221,0,,Spotify
da26f21e-6043-4c4f-81e2-39f1b4261ce8,Beth Tompkin,1,2026-09-18 17:55:41,so so so many adds the adds are all random and werid eveything is pay to get i guess only the rich deserve to have music i hate this app.,9.1.80.2221,0,,Spotify
1d18202e-cb2f-4efc-9fe7-7d8e8c0154ea,Nichole Silverthorne,3,2026-09-18 17:54:09,I dislike how it plays the same songs in shuffle over and over again like the same 20 songs. I have over 500 songs in my playlist and without fail it just repeats the same songs over and over. I've tried redoing a variety of settings and nothing changes it. I should be able to shuffle through all 500 songs without issue especially with paying for the full subscription,9.1.80.2221,0,"Hi. If you're on Premium, you can reshuffle the queue by toggling the Shuffle button or toggling the option for fewer repeats. For more info on this, head to support.spotify.com and search ""Shuffle play"". If that doesn't help, you could reach out to our Customer Service by searching “Contact Us” on the same site, and they'll be happy to help.",Spotify
1b089930-1a81-49f9-9e48-201a78a91ea1,Isaac Sarfo,4,2026-09-18 17:51:56,"Excellent Performance and any type of song track but they should Make downloads free but you Will watch an ad before a song is downloaded and free shuffle and arrangement.If there no changes,I will stop using Spotify and my family too,but very good",9.1.76.2055,0,,Spotify
2c660c87-3368-4f2c-8d61-1ca8a5071664,Xclusive,1,2026-09-18 17:50:30,"Payment card Security Breach, after I decided to subscribe my debit card was almost hacked I had to block it and I knew it was from Spotify because I had never had issues until I used my card on Thier site",9.1.64.1676,0,"Hi. We appreciate this hearing from you. We're open to feedback, and we're eager to get some more info about this. If you have the time, give our Customer Service a shout. You can find them by heading to support.spotify.com and searching ""Contact us"".",Spotify
08111e8a-f895-4efe-938e-f030afd079ed,Madelyn Heath,5,2026-09-18 17:43:05,I love music,9.1.80.2221,0,,Spotify
928b8937-2d15-44d0-a553-bae4adf1e480,Patty Strain,1,2026-09-18 17:41:34,gone from my Sonos speaker,9.1.80.2221,0,,Spotify
53a09c54-b777-496a-b372-eb2ddf8d1f4b,David Bergeron,4,2026-09-18 17:38:11,Would be better if I could download music to my iPod classic as Spotify has a better selection of music than iTunes otherwise it would have been 5 Stars! should make it so that we can purchase the songs that we want to listen to after reviewing them ☺️,9.1.82.2161,0,,Spotify
735bdec4-b7fc-4a09-b701-3245e669cabd,Arianna Jones,2,2026-09-18 17:35:04,I hate all the ads and it really sucks if you don't have premium like I don't get why we need premium to be able to choose the song we wanna listen to,9.1.78.2218,0,,Spotify
edd00620-b58c-4190-9732-ef40320a68c1,Jack Coman,5,2026-09-18 17:34:25,"It will be great if they ranked positions for listeners . for example, there can bring ""you topped all listeners in Ghana and 253rd listener worldwide"" just a suggestion hope Spotify adds to this year wrapped",,0,,Spotify
5b4ab3ed-8f37-43df-8382-d90a74efa334,Laltu bag,5,2026-09-18 17:33:58,rooter is best ❤️❤️,9.1.82.2161,0,,Spotify
9407cfbd-1cfd-4df1-af61-be50c1d0b616,Kamsi ozor,5,2026-09-18 17:26:35,Great,9.1.82.2161,0,,Spotify
a77b88e9-fed6-4b63-8cbe-9bb6f4412e16,Ethan Aguirre,5,2026-09-18 17:26:14,good app,9.1.82.2161,0,,Spotify
1a525b96-7a80-41b5-9613-18fca907b079,Ekpebu Tari,5,2026-09-18 17:16:12,i love the vibes,,0,,Spotify
6cd1aebd-88f4-4143-af07-c0b6b6aa718f,Stan Prince,1,2026-09-18 17:13:12,cost to much,9.1.82.2161,0,,Spotify
a798e99b-54f1-40ea-8b10-3f3443eadd90,ronalyn mea alde,3,2026-09-18 17:11:59,"I love this but but the disadvantage for this is u have to pay first before u can download the music u want ..as a student with no source of income just my parents who gave me money for school fees, projects etc. I can't afford to pay for an app just to download my fav music",9.1.82.2161,0,,Spotify
c9de6b84-15d7-4e02-a6a1-86a22f2dfc18,Aron Mills,3,2026-09-18 17:11:06,it's Spotify. but bring back the old car mode instead of making me swipe to the next song while driving. to often the player closes to reveal the playlist. I don't need to see lyrics or artist info while I'm driving either.,9.1.82.2161,1,,Spotify
bf811c47-9364-483b-88d5-62610b01c1de,Hayden Werfeild,2,2026-09-18 17:06:16,This app is horrible they keep on adding more simple things to premium like turning on the song you want in the alumbum and now you don't if even get a song in the alumbum you want and there's adds after 1 or 2 songs and there is like 5 ads that take forever,9.1.80.2221,0,"Hi, thanks for the feedback. Rest assured, we’re always looking for ways to improve the experience for our users. If you’re experiencing frequent ads, we recommend trying a quick reinstall. If that doesn’t resolve the issue, reach out to our Customer Service team at support.spotify.com by searching for “Contact Us.""",Spotify
36ce732c-4e5d-4b3d-94b2-e3d3ace9f7d4,Matthew Holmes,1,2026-09-18 17:05:57,"I've had this app for well over 10 years I finally decided to use premium and it decided whenever all of that was said and done to completely destroy my app every time I open the app it pauses my music or it just completely cuts off the music and doesn't turn it back on and then every time that I open the app it comes up with six adds that I need to listen to I've never needed to listen to more than three before. this is the dumbest money grab I've ever seen, incredible way to lose a customer",9.1.80.2221,0,"Hi. Thanks for sharing your experience. We suggest reinstalling the app for a quick fix. If you need more help, you can reach out to our Customer Service by searching ""Contact us"" at support.spotify.com.",Spotify
cce0025e-ec8e-425a-9fe1-760e19275ce4,Tammy,1,2026-09-18 17:01:06,"I get having an ad every five songs, even every three, but an ad per one song? I thought Spotify wanted listeners to enjoy their experience. I guess I'm wrong.",9.1.82.2161,0,"Hi. We appreciate your feedback. If you're getting more ads than usual, quick reinstalling the app might help fix it. For additional support, reach out to our Customer Service by searching ""Contact us"" at support.spotify.com.",Spotify
3e21ebfa-2a26-4f33-8548-e358272b9548,HANIF HASSAN,5,2026-09-18 16:54:49,xnxx video American movies com,9.1.82.2161,0,,Spotify
38ea31bd-28c3-4fe1-a360-7fed6fd90a54,Arabella Bryant,5,2026-09-18 16:54:33,I LOve the muc10,9.1.80.2221,0,,Spotify
885e3729-c0d6-4884-92b9-dc505d834ed0,Hillary Claassens,4,2026-09-18 16:50:26,the best,,0,,Spotify
c1df3e81-4d84-424b-bee5-6527184efa3f,Sandra Best,5,2026-09-18 16:45:49,I love the selections of song and the opportunity to make my own mix. It's a great app!,9.1.82.2161,0,,Spotify
7be80976-3867-44f5-b91a-1e0a9493e3af,Malachi Andrade,5,2026-09-18 16:45:09,lowkey the owner jerked me off,,0,,Spotify
d47f9d72-0c15-41ed-a2c9-9e6586624d6c,Oladele Olaniyi Dele Person,5,2026-09-18 16:41:56,very good app I love Spotify playlist❤,9.1.80.2221,0,,Spotify
db5c8e73-8550-4624-957b-a5d171fe5a7a,Tammey Tam,5,2026-09-18 16:41:05,"A song I hold so dear to my heart from the 60's, early 70's. people don't realize this song will come to pass as The Lord of The Ages Gathers in His Harvest 🔥",9.1.82.2161,0,,Spotify
2dd6fb22-cf98-4858-bc04-30a04ac0366c,michael clinton,5,2026-09-18 16:34:37,I have Spotify premium and it great,9.1.80.2221,0,,Spotify
2f990398-022c-49f2-a19e-f81d98764e41,Lucas Hess,4,2026-09-18 16:33:39,I like that you can listen to full albums,9.1.82.2161,1,,Spotify
ecd1a26a-4b2a-427f-bba4-18504fa4230c,Tobit -Sama,5,2026-09-18 16:33:13,I like it,9.1.82.2161,0,,Spotify
601593de-7d33-4f80-886a-a18a7cb731d9,Hendrex Ani,5,2026-09-18 16:28:46,excellent,9.1.80.2221,0,,Spotify
b0129893-4b89-429d-84de-8ee4f732fbed,Chelle Bainbridge,5,2026-09-18 16:25:42,"I love the variety of the songs, artists and that you can also see the lyrics, as well as being able to listen across multiple devices. I have this on my desktop, tablet, cell and laptop.",9.1.82.2161,0,,Spotify
98247656-c56b-4cbc-a41f-d70d1237e766,Sixtoes moreno,5,2026-09-18 16:22:36,"THE BEST INVESTMENT , WE LOVE IT !!! 24 -7 & 365 !!!! 💯💯💯💯💯The Best !!! SIMPLY THE BEST !!!!!! 💯💯",5.5.0.16251,0,,Spotify
9361d0f1-4660-4d32-8e2f-c317b96981a0,Asif Awan,5,2026-09-18 16:22:29,top class too good ❤️best experience,9.1.82.2161,0,,Spotify
a4bce9b6-1454-422a-a213-73f5bf3636d1,A Google user,5,2026-09-18 16:20:52,I LOVE Spotify. My hubby and I have thousands of songs for a small fee with no ads. It is an app that we can't live without!,9.1.80.2221,1,,Spotify
a78709e7-1ded-4f06-9a8e-86a998c81dfa,Theomandotroc,1,2026-09-18 16:18:28,too many ads that are unnecessary music choice is limited for free to listen people they need to start using tokens for a fun listening experience,9.1.82.2160,0,,Spotify
f91cb066-031e-494f-afd4-eb5037763fc9,Edwin,5,2026-09-18 16:08:36,this app is just amazing I love it 😍,8.9.76.538,0,,Spotify
5303f77f-1193-4ed9-83c4-23a5fbb90e2c,Christopher Thwing,2,2026-09-18 16:07:39,"Intolerable and unavoidable political ads. I am unwilling to listen to political action committees graphically describe murders for their own benefit, and Spotify provides no way for me to avoid it. Hopefully I can go back to enjoying Spotify after this election cycle.",9.1.80.2221,0,,Spotify
43c57c5e-9312-4390-a856-8a773ea2e59b,Taofeeq Yusuf,5,2026-09-18 16:05:36,It doesn't advertise while playing music not like audiomark,,0,,Spotify
fcd3c7a8-df48-4e0b-819b-3211dbee3199,Ernest Smith,5,2026-09-18 16:03:59,Spotify is the Best,,0,,Spotify
4029db0a-d5ac-48a1-ac86-96866731fea9,Benjamin Calderone,5,2026-09-18 16:03:15,Easy Peasy,9.1.78.2218,0,,Spotify
ab023469-7859-4a13-9076-29f8385eb61e,Tayo S,4,2026-09-18 16:01:04,good overall app but a little too many adds,9.1.78.2218,0,"Hi! We welcome your feedback and we’ll pass it along to the ads team. If you’d like an ad-free listening experience with more control and flexibility, feel free to check out our Premium options at spotify.com/premium. If you haven’t tried Premium yet, you might be eligible for a trial.",Spotify
911a9e8d-2d74-4adc-ae6c-0eee82a1be38,Memi Factur,1,2026-09-18 15:50:24,I have to use premium for literally EVERYTHING. Spotify LOCK TF IN,9.1.82.2161,0,,Spotify
685c6e7e-4a87-4bbb-af52-f781b003b188,Justin Dennis,1,2026-09-18 15:48:53,YouTube music is 10x better. Spitify keeps raising their prices. The free spitify keeps becoming more and more restricted. At least paying for a higher premium on Youtube is worth it with all of the aditional content. Spitify took a free service and restricted it so much to try and force the premium on their customers. Youtube at least has descency.,9.1.84.2205,0,,Spotify
277160c9-88a8-4e42-adb7-8bb6ecd3ce11,Kanai Kapasiha,5,2026-09-18 15:47:39,nice,9.1.80.2221,0,,Spotify
c381bf4d-ea71-46d1-a4af-f96ed0c86cff,Wendidy Ogbui,5,2026-09-18 15:44:49,very less stressful especially in organising my favourite songs,9.1.82.2161,0,,Spotify
466def53-a00b-4311-a185-ba27d1b28cc2,Jessie Millano,5,2026-09-18 15:43:45,Great app. Makes me happy.,9.1.80.2221,0,,Spotify
da44832f-98c4-4517-a3f6-183d214f82f8,Sandile Mavimbela,5,2026-09-18 15:41:22,"Spotify is exceptional ,Im really enjoying it ,ads though are sick",9.1.80.2221,0,,Spotify
ad49525a-b717-44a3-a083-fdebf9575dff,Nafis Tahir,4,2026-09-18 15:41:04,excellent. I use every day every song plays in playlist and freemium is annoying,,0,,Spotify
abbe7d25-af4f-47c5-b1e6-f3b6bf8aaa3e,Austin Agu,5,2026-09-18 15:40:38,The best music app,9.1.80.2221,0,,Spotify
4af2b92b-174b-44b5-8c8c-1ed9e22b4031,Emily Vasquez Valdivia,5,2026-09-18 15:40:19,Great.,9.1.82.2161,0,,Spotify
fd5f1e07-c989-466e-8956-4b9549732de1,Landon Clark,5,2026-09-18 15:39:53,it is annoying when u can't go back to the previous song and u can't listen to it offline without premium but I love,9.1.80.2221,0,,Spotify
cbccb13e-2c38-4b89-83eb-fe7c4dabdd57,Lidiya Tilahun,4,2026-09-18 15:38:25,Jesus is lord,9.1.82.2161,0,,Spotify
ff13be6a-a682-4273-b8e3-e0bc1df41eab,KING DAVID,5,2026-09-18 15:37:37,"lovely app, there's no sound or music that you're looking for that you won't find in Spotify",9.1.80.2221,0,,Spotify
bda3e360-1984-4c29-aefb-c82553a7b3e7,Emma Olaniyan,5,2026-09-18 15:34:18,Go out for life,,0,,Spotify
2cf2bf26-52f3-4299-8c1a-1290ff73db9a,Steve Silver,2,2026-09-18 15:33:14,the app is just too slow. it's annoying to wait for the page to load.,9.1.80.2221,0,"Hi. Thanks for sharing your experience. Have you tried a quick reinstall? If that doesn't help, you can get in touch with our Customer Service by heading to support.spotify.com and searching ""Contact us"".",Spotify
79d547a9-72e7-42f3-84a2-97e51ae3d17f,Udhaya,5,2026-09-18 15:26:11,super,,0,,Spotify
f42f1820-76f5-4bc6-8f20-1f8f2d88a9b4,Clay Bryant III,5,2026-09-18 15:24:55,simple and easy,9.1.80.2221,0,,Spotify
2a5a9a91-edf7-4ad9-a2a8-67de56a59c12,Az Cb,4,2026-09-18 15:21:33,"great and all but it's lame how the free version barely lets you do anything, rent can't be this high.",9.1.82.2161,0,,Spotify
d8151d38-871a-4985-a6c5-3600fe86a3f4,veevers2,4,2026-09-18 15:17:22,awesome app the app is great but ONLY if u have spotify premium. you can listen every song its just awesome,9.1.80.2221,0,,Spotify
289e9f75-cea6-4e03-820c-0af3b1f35a50,Katherine Z,5,2026-09-18 15:14:30,Has all my favorites!,9.1.82.2160,0,,Spotify
b7fd93cb-966f-427d-a358-51a7b4a3d585,A-J Salamba,5,2026-09-18 15:13:03,could do with some mindful development,9.1.78.2218,0,,Spotify
03ad47e9-5984-443a-80ea-9022e073b9ab,Lee Cruz,5,2026-09-18 15:12:44,love this app for Music! worth the buy,9.1.80.2221,0,,Spotify
926e0010-40d2-43a6-bd27-85fdf70f0b5c,Mike Morales,5,2026-09-18 15:12:01,amazing!,9.1.80.2221,0,,Spotify
ed569fa2-9e52-473b-b45e-f31a3d8f2002,AZAZEL Ibn Adam,5,2026-09-18 15:11:28,the best music platform.,9.1.80.2221,0,,Spotify
1a7bd819-6684-4658-8d32-3d0422246dae,Baasim Kadivar,4,2026-09-18 15:11:09,Not a bad app it is very good,,0,,Spotify
cdc2cc4b-f760-476c-b465-227e9c68e6a1,Manoj Soni,5,2026-09-18 15:06:49,"it is sooooo good. but the adds bother too much. and..Idk why but when I make my playlist, the app stops working. So..I didn't make playlists.",9.1.78.2218,0,,Spotify
a5cc910b-cf94-4cd0-93e9-7d2862a6e428,Priyanshu Mahakur,5,2026-09-18 14:59:49,best,,0,,Spotify
e9b44d20-3798-479d-bb26-6896e2f9d396,Fabian Gudino,5,2026-09-18 14:59:11,Musica musica y música,9.1.82.2161,0,,Spotify
a115ce45-5aa3-4072-b655-c5d036fa95d9,Deepak Bhise,5,2026-09-18 14:59:05,👍 nice 👍👍👍,9.1.82.2161,0,,Spotify
ef867dc9-a542-41b2-8331-6f2c5a9daa45,Natalee King,3,2026-09-18 14:57:40,I rated this app a three not because I don't like it but because Spotify keeps having this 3 month free trial well I tried to do it but it told me it declined and that doesn't make sense since it's literally $0 then I saw my cash app email and it told me it tried to make me pay $1.01 even though it's supposed to be free that is not my only annoyance it's also when I play songs then they play songs that are outside my playlist and that annoys me to another level,9.1.80.2221,0,"Hi! When you sign up for a free trial, you may see an authorization charge for a small amount on your account. This is a temporary hold to verify your payment method and will disappear shortly. For more details, visit support.spotify.com and search for ""Charged for a free trial."" Contact our CS team under the ""Contact Us"" section for anything else.",Spotify
fec95f70-4bf7-45e1-8a83-7646ce3b3d40,Eno Kaf,5,2026-09-18 14:54:18,"good but I what to watch live football,not just misic",9.1.82.2161,0,,Spotify
97b88d3c-28fc-42c0-9f46-4a3b6d4f13aa,Annaclaire Fontenot,5,2026-09-18 14:53:31,I love it,,0,,Spotify
e8001ceb-4be9-445f-b8eb-7b6f97416652,Evi Lazaridou,2,2026-09-18 14:52:31,This app while good throughout time it has the most useless support I've ever encountered. The 'please uninstall it and install it again' kind of support. So they force me to write the issues here:out of nowhere volume spikes when using Chromecast. Super annoying and considering to cancel my subscription because Chromecast is for me the main benefit here and they keep ruining it all the time.,9.1.80.2221,2,,Spotify
6859653c-29b3-413c-9d98-39e1edbb4ddd,Oluwole Ekuase,5,2026-09-18 14:49:59,this app is the best,9.1.82.2161,0,,Spotify
d211cda1-c5c5-4989-9ab3-91e107474956,Emanuel Noer,5,2026-09-18 14:49:23,"It is so good if you have Premium, but else, it's just kinda mid, but good still",9.1.78.2218,0,,Spotify
1784746f-3c07-4592-a477-71bc909ef289,Emmanuel Uzoma,5,2026-09-18 14:46:27,best streaming platform,9.1.72.1891,0,,Spotify
1e7af139-9d67-4ead-8d16-6091d8b6638f,Dru Johnson,3,2026-09-18 14:46:19,"The last few updates have really slowed down the app. Upon opening the app, I have to wait 10 seconds for it to load a downloaded podcast, which I'm already part way through, and was the most recent thing I listened to, so it's still up in the mini player. But for some reason it just sits there and loads for a while before you can even do anything. Adding and removing tracks from playlists and downloads is convoluted, and takes way longer than it should. Been frustrated with the app lately.",9.1.82.2161,1,"Hi! Thanks for leaving a review. If your app is loading slowly or having other issues, we recommend trying a clean reinstall. You can find step-by-step instructions for your specific device by visiting support.spotify.com and searching for ""Reinstall."" If that doesn’t help, reach out to our CS team through the ""Contact Us"" section on the same site.",Spotify
e98fc54d-0ac2-4dbc-b51b-045fcfd3955e,Tanisha Kanwar,4,2026-09-18 14:42:20,good song and good aap,9.1.82.2161,1,,Spotify
e8364d82-cb86-4f51-85ff-d4746ced5106,Kossai Satour,3,2026-09-18 14:42:03,you can't control your music,9.1.80.2221,0,"Hi. Thanks for bringing this up. We're open to feedback, and we'd love to get some more info about this. If you have the time, give our Customer Service a shout. You can find them by heading to support.spotify.com and searching ""Contact us"".",Spotify
d9eaf2f7-375e-4f8c-a5ee-a547ec5adf1a,Amarjeet Kumar,5,2026-09-18 14:41:26,hko,9.1.76.2055,0,,Spotify
9ae1227a-d5e7-43ba-bbd1-65ec4bb0ab83,kd Laguerta,5,2026-09-18 14:40:43,exceLLent!😊,9.1.82.2161,0,,Spotify
ae24dc5b-33cc-4b72-bbbe-46e1897edcba,MOHAMMED GULZAR,5,2026-09-18 14:38:00,excellent,9.1.82.2161,0,,Spotify
2e2219a2-ecee-4b28-81cb-d21e95c6cef1,Sonia Ortega,5,2026-09-18 14:36:41,Good,9.1.82.2161,0,,Spotify
8055d6ef-ec31-4e71-a07d-1e906f0d6172,Uwiman Joselyne,5,2026-09-18 14:20:45,I think it's a 5 star app but I don't like it that much cause it costs money,9.1.80.2221,0,,Spotify
5c52e78a-45ea-4016-9051-07e753be9391,Corneilius Burrell,5,2026-09-18 14:17:53,great,9.1.80.2221,0,,Spotify
9906b74a-68a2-4ede-8e04-960f3f336751,Vivian Pedrin,5,2026-09-18 14:15:42,"traveling abroad, listening to music I love.",9.1.80.2221,0,,Spotify
e9a94467-5d29-4589-8a47-6dc30b5b85a1,Vidanage Hasantha,5,2026-09-18 14:15:05,Top,,0,,Spotify
2cfd725c-6b70-4f0e-9a95-5e32562dfc42,Sahil Chauhan,5,2026-09-18 14:11:30,awesome app,9.1.80.2221,0,,Spotify
cf4f723f-1f97-46ed-abf9-0cce0bcae942,Vallk Irey,1,2026-09-18 14:11:23,"THIS APP IS WORSE THAN MEDIOCRE UNLESS YOU PAY FOR PREMIUM. Just on a basic level the app won't let you skip a song with the time bar, won't let you go back to a previous song and forces you to listen to your playlists on shuffle. if you pay them you get all these basics back. I left in 25 over ads and tried tidal which was mid. I can't believe in the year of 2026 Spotify became so mid that I'm going back to pandora.",8.8.92.700,1,,Spotify
a2c780a0-2720-4c77-b83e-cfd276e97271,DON Dizzy,5,2026-09-18 14:08:51,I too love this app it so enjoyable but the ads no gree for me,9.1.82.2161,0,,Spotify
059109fc-9c97-4663-bf6b-763be4e047c6,Clement Sam Dungog,5,2026-09-18 14:00:50,Hi! please include Romaji Lyrics for Japanese songs,9.1.80.2221,0,,Spotify
114f55d2-3062-4148-bcd2-d1c46f2b2d8b,Louie Garcia,5,2026-09-18 14:00:30,make a huge difference to not have intrusive commercials and the ability to move music to folders while in any order hits he spot.,9.1.80.2221,0,,Spotify
0ced16ed-3222-44b8-81e9-56f1b1a5df22,Johann Jacobs,5,2026-09-18 13:59:06,Very good app.,9.1.80.2221,0,,Spotify
dbbc4495-c05f-4807-af16-ba7ca446716d,Cinderace Is the best pokemon,3,2026-09-18 13:56:55,its ight,9.1.82.2161,0,,Spotify
84194699-be46-406f-baa5-3cf578ee26d3,Joy Saba,5,2026-09-18 13:56:03,very goood,9.1.80.2221,0,,Spotify
6a8404a3-87c8-46ee-9e6a-36f77f147486,Kent,5,2026-09-18 13:55:45,best music app proud my music is included Kent Crawford recording artist musician I have a saying I would die without Spotify,,0,,Spotify
f307df1c-ba8e-42f6-bd14-f179e38c8a3e,მიშკა,2,2026-09-18 13:53:29,so bad aplication for those who like remixes and about that this app is worst,9.1.80.2221,0,,Spotify
c881a04d-4baa-424b-979b-c17d90460183,KONTHAM GAMER,5,2026-09-18 13:51:18,love it without a premium subscription and without any add,9.1.82.2161,0,,Spotify
cece9797-37db-4149-82df-42b7d13206e3,israt rahmanmmim,5,2026-09-18 13:51:17,Best 🙌🏽,9.1.82.2161,0,,Spotify
ed9cb3bc-811a-4bcd-bfc4-9b20e0e2e87a,Sherry Wright,5,2026-09-18 13:48:51,awesome choice of music,9.1.80.2221,0,,Spotify
0c348d17-bff1-4eb9-9276-7e18271840a5,El' Wertzo,5,2026-09-18 13:45:21,"always loved Spotify, have had it for 7 years now, I think there was one song that I couldn't get, that's it. I listen to different genres, have many Playlists, so many podcasts to listen to... Literally have no complaints about Spotify, one of the three subscriptions I've had for over 5 years and have never questioned ending the subscription.",9.1.82.2161,1,,Spotify
65603e6e-4e97-4adf-9622-432385aa8528,Sahel Ahmadi,1,2026-09-18 13:43:26,"This app is amazing for following our favorite songs and podcasts and it is also great for who wants to improve their second language for example learning English by listen to English podcasts, but one annoying thing is this that, when you download a podcast it goes to a default Playlist and when you want to move it to another Playlist that you made, it won't be available offline and you have to download it again.... terrible...",9.1.82.2161,1,,Spotify
7f8e1f64-2219-4700-9502-3eea0ab5cee8,Ezra Irimiya,1,2026-09-18 13:40:30,it sucks data like mad 😡,9.1.68.1888,0,"Hi. Thanks for leaving a review. We’d recommend checking out our Support Site at support.spotify.com and searching for “Internet and data usage” to find more tips on saving data. If you need more help, you can contact our Customer Service by searching ""Contact us"" on the same site.",Spotify
e3322139-02a7-4176-a7ca-0c457da04681,Shubh Sinha,5,2026-09-18 13:38:41,Great app!!!!,,0,,Spotify
7f9605d6-a44f-4f16-b291-320ce0f8eed7,Munsad Ali,5,2026-09-18 13:38:37,Good,9.1.82.2161,0,,Spotify
00ec0898-7a05-434a-ac29-060b9ffbecb8,Garv Singh,1,2026-09-18 13:36:49,too many adds,,1,"Hi. We appreciate your feedback, and we'll pass it along to the Ads team. For an ad-free experience, we'd recommend checking out our Premium plans at spotify.com/premium. If you've never had Premium before, you should be eligible for our trial.",Spotify
5b6daae1-c64a-42fa-ad5d-9233c59a1b35,Ibaad Ahmad,5,2026-09-18 13:36:43,Very good music app,,0,,Spotify
fd6bb1b9-1c5b-45c7-9b1a-1f67914d6b12,bwambale henry,5,2026-09-18 13:36:24,gd buh y the subscription 😩,9.1.82.2161,0,,Spotify
cc07ddb6-8f28-4b9c-80b9-f62f1eb364ff,Durgesh Ranawat,5,2026-09-18 13:35:10,nice,9.1.82.2161,0,,Spotify
59642bfd-dd0f-453f-b02a-2ea3bebea5b1,Theresa Matshaba,5,2026-09-18 13:34:17,Good experience,9.1.68.1888,0,,Spotify
3364f4ff-5163-4646-a9d1-f387649a1c28,George,3,2026-09-18 13:32:00,it's good but the constant unsuitable ads and the limited skips drive me mad,9.1.80.2221,1,"Hi. Thanks for sharing this. We hear you and we'll pass this along to the Ads team. If you're looking for an ad-free experience and greater flexibility, consider exploring our Premium options at spotify.com/premium. If you haven't experienced Premium yet, you might be eligible for our trial.",Spotify
40218732-f28b-4967-896b-1367c4a680bf,Emma,3,2026-09-18 13:31:49,mi happi,9.1.82.2161,0,,Spotify
1077d73c-ec8f-453a-96c0-0652daf8130d,Andriana Xristofi,5,2026-09-18 13:30:16,it was just amazing and I can get out (good meaning) i absolutely love it❤,9.1.80.2221,0,,Spotify
907f47e7-fce7-4371-9b8d-141b06f21b86,Faryal_ Yasir,3,2026-09-18 13:28:58,the app is really great with multiple features but the new restrictions on choosing music has made it kind of useless like u can only chose a few songs a day,9.1.80.2221,0,,Spotify
513ad3fa-a8cb-4c12-af7b-835d5eefbe4b,Sunita Punit,5,2026-09-18 13:26:03,best app,,0,,Spotify
